ISO-10303-21;
HEADER;
/* Generated by software containing ST-Developer
 * from STEP Tools, Inc. (www.steptools.com) 
 */
/* OPTION: using custom renumber hook */

FILE_DESCRIPTION(
/* description */ ('STEP AP242 Edition 2',
'CAx-IF Rec.Pracs.---Representation and Presentation of Product Manufa
cturing Information (PMI)---4.0---2014-10-13',
'CAx-IF Rec.Pracs.---3D Tessellated Geometry---0.4---2014-09-14','2;1',
'CAx-IF Rec.Pracs.---User Defined Attributes---1.5---2016-08-15'),
/* implementation_level */ '2;1');

FILE_NAME(
/* name */ 'Part Studio 1 Copy 1',
/* time_stamp */ '2026-09-20T09:46:22Z',
/* author */ (''),
/* organization */ (''),
/* preprocessor_version */ 'ST-DEVELOPER v20',
/* originating_system */ 'ONSHAPE BY PTC INC, 1.221',
/* authorisation */ '  ');

FILE_SCHEMA (('AP242_MANAGED_MODEL_BASED_3D_ENGINEERING_MIM_LF { 1 0 10303 442 3 1 4 }'));
ENDSEC;

DATA;
#10=CIRCLE('',#1687,0.0016);
#11=CIRCLE('',#1688,0.0016);
#12=CIRCLE('',#1698,0.0016);
#13=CIRCLE('',#1699,0.0016);
#14=CIRCLE('',#1713,0.00381);
#15=CIRCLE('',#1714,0.00381);
#16=CIRCLE('',#1715,0.00381);
#17=CIRCLE('',#1716,0.00381);
#18=CIRCLE('',#1718,0.0023);
#19=CIRCLE('',#1719,0.0023);
#20=CIRCLE('',#1720,0.0023);
#21=CIRCLE('',#1721,0.0023);
#22=CIRCLE('',#1722,0.00381);
#23=CIRCLE('',#1723,0.00381);
#24=CIRCLE('',#1724,0.00381);
#25=CIRCLE('',#1725,0.00381);
#26=CIRCLE('',#1734,0.0023);
#27=CIRCLE('',#1737,0.0023);
#28=CIRCLE('',#1740,0.0023);
#29=CIRCLE('',#1743,0.0023);
#30=CIRCLE('',#1780,0.0023);
#31=CIRCLE('',#1781,0.0023);
#32=CIRCLE('',#1790,0.0023);
#33=CIRCLE('',#1791,0.0023);
#34=CYLINDRICAL_SURFACE('',#1686,0.0016);
#35=CYLINDRICAL_SURFACE('',#1697,0.0016);
#36=CYLINDRICAL_SURFACE('',#1733,0.0023);
#37=CYLINDRICAL_SURFACE('',#1736,0.0023);
#38=CYLINDRICAL_SURFACE('',#1739,0.0023);
#39=CYLINDRICAL_SURFACE('',#1742,0.0023);
#40=CYLINDRICAL_SURFACE('',#1770,0.00381);
#41=CYLINDRICAL_SURFACE('',#1771,0.00381);
#42=CYLINDRICAL_SURFACE('',#1772,0.00381);
#43=CYLINDRICAL_SURFACE('',#1773,0.00381);
#44=CYLINDRICAL_SURFACE('',#1779,0.0023);
#45=CYLINDRICAL_SURFACE('',#1789,0.0023);
#46=SHAPE_REPRESENTATION_RELATIONSHIP('','',#1669,#52);
#47=SHAPE_REPRESENTATION_RELATIONSHIP('','',#1670,#53);
#48=SHAPE_REPRESENTATION_RELATIONSHIP('','',#1671,#54);
#49=SHAPE_REPRESENTATION_RELATIONSHIP('','',#1672,#55);
#50=SHAPE_REPRESENTATION_RELATIONSHIP('','',#1673,#56);
#51=SHAPE_REPRESENTATION_RELATIONSHIP('','',#1674,#57);
#52=ADVANCED_BREP_SHAPE_REPRESENTATION('',(#1657),#2669);
#53=ADVANCED_BREP_SHAPE_REPRESENTATION('',(#1658),#2670);
#54=ADVANCED_BREP_SHAPE_REPRESENTATION('',(#1659),#2671);
#55=ADVANCED_BREP_SHAPE_REPRESENTATION('',(#1660),#2672);
#56=ADVANCED_BREP_SHAPE_REPRESENTATION('',(#1661),#2673);
#57=ADVANCED_BREP_SHAPE_REPRESENTATION('',(#1662),#2674);
#58=ORIENTED_EDGE('',*,*,#474,.F.);
#59=ORIENTED_EDGE('',*,*,#475,.F.);
#60=ORIENTED_EDGE('',*,*,#476,.T.);
#61=ORIENTED_EDGE('',*,*,#477,.T.);
#62=ORIENTED_EDGE('',*,*,#478,.T.);
#63=ORIENTED_EDGE('',*,*,#479,.F.);
#64=ORIENTED_EDGE('',*,*,#480,.F.);
#65=ORIENTED_EDGE('',*,*,#475,.T.);
#66=ORIENTED_EDGE('',*,*,#481,.T.);
#67=ORIENTED_EDGE('',*,*,#482,.F.);
#68=ORIENTED_EDGE('',*,*,#483,.F.);
#69=ORIENTED_EDGE('',*,*,#479,.T.);
#70=ORIENTED_EDGE('',*,*,#484,.F.);
#71=ORIENTED_EDGE('',*,*,#477,.F.);
#72=ORIENTED_EDGE('',*,*,#485,.T.);
#73=ORIENTED_EDGE('',*,*,#482,.T.);
#74=ORIENTED_EDGE('',*,*,#476,.F.);
#75=ORIENTED_EDGE('',*,*,#480,.T.);
#76=ORIENTED_EDGE('',*,*,#483,.T.);
#77=ORIENTED_EDGE('',*,*,#485,.F.);
#78=ORIENTED_EDGE('',*,*,#474,.T.);
#79=ORIENTED_EDGE('',*,*,#484,.T.);
#80=ORIENTED_EDGE('',*,*,#481,.F.);
#81=ORIENTED_EDGE('',*,*,#478,.F.);
#82=ORIENTED_EDGE('',*,*,#486,.F.);
#83=ORIENTED_EDGE('',*,*,#487,.F.);
#84=ORIENTED_EDGE('',*,*,#488,.T.);
#85=ORIENTED_EDGE('',*,*,#489,.T.);
#86=ORIENTED_EDGE('',*,*,#490,.F.);
#87=ORIENTED_EDGE('',*,*,#489,.F.);
#88=ORIENTED_EDGE('',*,*,#491,.T.);
#89=ORIENTED_EDGE('',*,*,#492,.T.);
#90=ORIENTED_EDGE('',*,*,#493,.T.);
#91=ORIENTED_EDGE('',*,*,#492,.F.);
#92=ORIENTED_EDGE('',*,*,#494,.F.);
#93=ORIENTED_EDGE('',*,*,#495,.T.);
#94=ORIENTED_EDGE('',*,*,#496,.F.);
#95=ORIENTED_EDGE('',*,*,#497,.T.);
#96=ORIENTED_EDGE('',*,*,#498,.F.);
#97=ORIENTED_EDGE('',*,*,#495,.F.);
#98=ORIENTED_EDGE('',*,*,#499,.T.);
#99=ORIENTED_EDGE('',*,*,#487,.T.);
#100=ORIENTED_EDGE('',*,*,#496,.T.);
#101=ORIENTED_EDGE('',*,*,#488,.F.);
#102=ORIENTED_EDGE('',*,*,#499,.F.);
#103=ORIENTED_EDGE('',*,*,#494,.T.);
#104=ORIENTED_EDGE('',*,*,#491,.F.);
#105=ORIENTED_EDGE('',*,*,#497,.F.);
#106=ORIENTED_EDGE('',*,*,#486,.T.);
#107=ORIENTED_EDGE('',*,*,#490,.T.);
#108=ORIENTED_EDGE('',*,*,#493,.F.);
#109=ORIENTED_EDGE('',*,*,#498,.T.);
#110=ORIENTED_EDGE('',*,*,#500,.T.);
#111=ORIENTED_EDGE('',*,*,#501,.F.);
#112=ORIENTED_EDGE('',*,*,#502,.F.);
#113=ORIENTED_EDGE('',*,*,#503,.T.);
#114=ORIENTED_EDGE('',*,*,#504,.F.);
#115=ORIENTED_EDGE('',*,*,#503,.F.);
#116=ORIENTED_EDGE('',*,*,#505,.T.);
#117=ORIENTED_EDGE('',*,*,#506,.T.);
#118=ORIENTED_EDGE('',*,*,#507,.F.);
#119=ORIENTED_EDGE('',*,*,#506,.F.);
#120=ORIENTED_EDGE('',*,*,#508,.T.);
#121=ORIENTED_EDGE('',*,*,#509,.T.);
#122=ORIENTED_EDGE('',*,*,#510,.T.);
#123=ORIENTED_EDGE('',*,*,#509,.F.);
#124=ORIENTED_EDGE('',*,*,#511,.F.);
#125=ORIENTED_EDGE('',*,*,#501,.T.);
#126=ORIENTED_EDGE('',*,*,#512,.F.);
#127=ORIENTED_EDGE('',*,*,#513,.T.);
#128=ORIENTED_EDGE('',*,*,#502,.T.);
#129=ORIENTED_EDGE('',*,*,#511,.T.);
#130=ORIENTED_EDGE('',*,*,#508,.F.);
#131=ORIENTED_EDGE('',*,*,#505,.F.);
#132=ORIENTED_EDGE('',*,*,#512,.T.);
#133=ORIENTED_EDGE('',*,*,#500,.F.);
#134=ORIENTED_EDGE('',*,*,#504,.T.);
#135=ORIENTED_EDGE('',*,*,#507,.T.);
#136=ORIENTED_EDGE('',*,*,#510,.F.);
#137=ORIENTED_EDGE('',*,*,#513,.F.);
#138=ORIENTED_EDGE('',*,*,#514,.T.);
#139=ORIENTED_EDGE('',*,*,#515,.F.);
#140=ORIENTED_EDGE('',*,*,#516,.F.);
#141=ORIENTED_EDGE('',*,*,#517,.T.);
#142=ORIENTED_EDGE('',*,*,#518,.F.);
#143=ORIENTED_EDGE('',*,*,#519,.F.);
#144=ORIENTED_EDGE('',*,*,#520,.T.);
#145=ORIENTED_EDGE('',*,*,#521,.T.);
#146=ORIENTED_EDGE('',*,*,#522,.F.);
#147=ORIENTED_EDGE('',*,*,#523,.T.);
#148=ORIENTED_EDGE('',*,*,#524,.T.);
#149=ORIENTED_EDGE('',*,*,#525,.T.);
#150=ORIENTED_EDGE('',*,*,#526,.T.);
#151=ORIENTED_EDGE('',*,*,#527,.T.);
#152=ORIENTED_EDGE('',*,*,#528,.F.);
#153=ORIENTED_EDGE('',*,*,#529,.F.);
#154=ORIENTED_EDGE('',*,*,#530,.T.);
#155=ORIENTED_EDGE('',*,*,#531,.T.);
#156=ORIENTED_EDGE('',*,*,#532,.F.);
#157=ORIENTED_EDGE('',*,*,#533,.F.);
#158=ORIENTED_EDGE('',*,*,#534,.F.);
#159=ORIENTED_EDGE('',*,*,#535,.T.);
#160=ORIENTED_EDGE('',*,*,#536,.T.);
#161=ORIENTED_EDGE('',*,*,#537,.T.);
#162=ORIENTED_EDGE('',*,*,#538,.T.);
#163=ORIENTED_EDGE('',*,*,#539,.T.);
#164=ORIENTED_EDGE('',*,*,#540,.F.);
#165=ORIENTED_EDGE('',*,*,#541,.F.);
#166=ORIENTED_EDGE('',*,*,#542,.T.);
#167=ORIENTED_EDGE('',*,*,#543,.T.);
#168=ORIENTED_EDGE('',*,*,#544,.F.);
#169=ORIENTED_EDGE('',*,*,#545,.F.);
#170=ORIENTED_EDGE('',*,*,#546,.F.);
#171=ORIENTED_EDGE('',*,*,#547,.F.);
#172=ORIENTED_EDGE('',*,*,#548,.F.);
#173=ORIENTED_EDGE('',*,*,#514,.F.);
#174=ORIENTED_EDGE('',*,*,#549,.T.);
#175=ORIENTED_EDGE('',*,*,#550,.T.);
#176=ORIENTED_EDGE('',*,*,#551,.F.);
#177=ORIENTED_EDGE('',*,*,#552,.F.);
#178=ORIENTED_EDGE('',*,*,#553,.T.);
#179=ORIENTED_EDGE('',*,*,#554,.T.);
#180=ORIENTED_EDGE('',*,*,#555,.F.);
#181=ORIENTED_EDGE('',*,*,#556,.F.);
#182=ORIENTED_EDGE('',*,*,#557,.T.);
#183=ORIENTED_EDGE('',*,*,#558,.T.);
#184=ORIENTED_EDGE('',*,*,#559,.F.);
#185=ORIENTED_EDGE('',*,*,#560,.F.);
#186=ORIENTED_EDGE('',*,*,#561,.T.);
#187=ORIENTED_EDGE('',*,*,#562,.T.);
#188=ORIENTED_EDGE('',*,*,#563,.T.);
#189=ORIENTED_EDGE('',*,*,#564,.T.);
#190=ORIENTED_EDGE('',*,*,#550,.F.);
#191=ORIENTED_EDGE('',*,*,#565,.F.);
#192=ORIENTED_EDGE('',*,*,#566,.T.);
#193=ORIENTED_EDGE('',*,*,#567,.T.);
#194=ORIENTED_EDGE('',*,*,#568,.F.);
#195=ORIENTED_EDGE('',*,*,#569,.T.);
#196=ORIENTED_EDGE('',*,*,#570,.F.);
#197=ORIENTED_EDGE('',*,*,#571,.T.);
#198=ORIENTED_EDGE('',*,*,#572,.T.);
#199=ORIENTED_EDGE('',*,*,#573,.F.);
#200=ORIENTED_EDGE('',*,*,#574,.F.);
#201=ORIENTED_EDGE('',*,*,#575,.T.);
#202=ORIENTED_EDGE('',*,*,#576,.T.);
#203=ORIENTED_EDGE('',*,*,#577,.T.);
#204=ORIENTED_EDGE('',*,*,#578,.F.);
#205=ORIENTED_EDGE('',*,*,#579,.T.);
#206=ORIENTED_EDGE('',*,*,#580,.T.);
#207=ORIENTED_EDGE('',*,*,#581,.F.);
#208=ORIENTED_EDGE('',*,*,#582,.F.);
#209=ORIENTED_EDGE('',*,*,#583,.F.);
#210=ORIENTED_EDGE('',*,*,#584,.T.);
#211=ORIENTED_EDGE('',*,*,#585,.T.);
#212=ORIENTED_EDGE('',*,*,#586,.F.);
#213=ORIENTED_EDGE('',*,*,#587,.T.);
#214=ORIENTED_EDGE('',*,*,#588,.T.);
#215=ORIENTED_EDGE('',*,*,#589,.F.);
#216=ORIENTED_EDGE('',*,*,#590,.T.);
#217=ORIENTED_EDGE('',*,*,#591,.T.);
#218=ORIENTED_EDGE('',*,*,#566,.F.);
#219=ORIENTED_EDGE('',*,*,#592,.F.);
#220=ORIENTED_EDGE('',*,*,#516,.T.);
#221=ORIENTED_EDGE('',*,*,#593,.T.);
#222=ORIENTED_EDGE('',*,*,#594,.F.);
#223=ORIENTED_EDGE('',*,*,#595,.T.);
#224=ORIENTED_EDGE('',*,*,#596,.T.);
#225=ORIENTED_EDGE('',*,*,#597,.T.);
#226=ORIENTED_EDGE('',*,*,#596,.F.);
#227=ORIENTED_EDGE('',*,*,#598,.T.);
#228=ORIENTED_EDGE('',*,*,#522,.T.);
#229=ORIENTED_EDGE('',*,*,#599,.T.);
#230=ORIENTED_EDGE('',*,*,#534,.T.);
#231=ORIENTED_EDGE('',*,*,#600,.T.);
#232=ORIENTED_EDGE('',*,*,#576,.F.);
#233=ORIENTED_EDGE('',*,*,#601,.T.);
#234=ORIENTED_EDGE('',*,*,#517,.F.);
#235=ORIENTED_EDGE('',*,*,#592,.T.);
#236=ORIENTED_EDGE('',*,*,#565,.T.);
#237=ORIENTED_EDGE('',*,*,#549,.F.);
#238=ORIENTED_EDGE('',*,*,#602,.F.);
#239=ORIENTED_EDGE('',*,*,#603,.F.);
#240=ORIENTED_EDGE('',*,*,#604,.F.);
#241=ORIENTED_EDGE('',*,*,#605,.F.);
#242=ORIENTED_EDGE('',*,*,#524,.F.);
#243=ORIENTED_EDGE('',*,*,#606,.T.);
#244=ORIENTED_EDGE('',*,*,#594,.T.);
#245=ORIENTED_EDGE('',*,*,#607,.T.);
#246=ORIENTED_EDGE('',*,*,#574,.T.);
#247=ORIENTED_EDGE('',*,*,#608,.T.);
#248=ORIENTED_EDGE('',*,*,#536,.F.);
#249=ORIENTED_EDGE('',*,*,#609,.T.);
#250=ORIENTED_EDGE('',*,*,#515,.T.);
#251=ORIENTED_EDGE('',*,*,#548,.T.);
#252=ORIENTED_EDGE('',*,*,#610,.T.);
#253=ORIENTED_EDGE('',*,*,#611,.F.);
#254=ORIENTED_EDGE('',*,*,#569,.F.);
#255=ORIENTED_EDGE('',*,*,#612,.T.);
#256=ORIENTED_EDGE('',*,*,#584,.F.);
#257=ORIENTED_EDGE('',*,*,#613,.T.);
#258=ORIENTED_EDGE('',*,*,#614,.T.);
#259=ORIENTED_EDGE('',*,*,#593,.F.);
#260=ORIENTED_EDGE('',*,*,#615,.T.);
#261=ORIENTED_EDGE('',*,*,#616,.F.);
#262=ORIENTED_EDGE('',*,*,#610,.F.);
#263=ORIENTED_EDGE('',*,*,#547,.T.);
#264=ORIENTED_EDGE('',*,*,#617,.F.);
#265=ORIENTED_EDGE('',*,*,#563,.F.);
#266=ORIENTED_EDGE('',*,*,#611,.T.);
#267=ORIENTED_EDGE('',*,*,#616,.T.);
#268=ORIENTED_EDGE('',*,*,#615,.F.);
#269=ORIENTED_EDGE('',*,*,#546,.T.);
#270=ORIENTED_EDGE('',*,*,#564,.F.);
#271=ORIENTED_EDGE('',*,*,#617,.T.);
#272=ORIENTED_EDGE('',*,*,#618,.T.);
#273=ORIENTED_EDGE('',*,*,#619,.F.);
#274=ORIENTED_EDGE('',*,*,#613,.F.);
#275=ORIENTED_EDGE('',*,*,#583,.T.);
#276=ORIENTED_EDGE('',*,*,#620,.T.);
#277=ORIENTED_EDGE('',*,*,#585,.F.);
#278=ORIENTED_EDGE('',*,*,#612,.F.);
#279=ORIENTED_EDGE('',*,*,#568,.T.);
#280=ORIENTED_EDGE('',*,*,#621,.T.);
#281=ORIENTED_EDGE('',*,*,#590,.F.);
#282=ORIENTED_EDGE('',*,*,#614,.F.);
#283=ORIENTED_EDGE('',*,*,#619,.T.);
#284=ORIENTED_EDGE('',*,*,#618,.F.);
#285=ORIENTED_EDGE('',*,*,#582,.T.);
#286=ORIENTED_EDGE('',*,*,#620,.F.);
#287=ORIENTED_EDGE('',*,*,#567,.F.);
#288=ORIENTED_EDGE('',*,*,#591,.F.);
#289=ORIENTED_EDGE('',*,*,#621,.F.);
#290=ORIENTED_EDGE('',*,*,#622,.F.);
#291=ORIENTED_EDGE('',*,*,#605,.T.);
#292=ORIENTED_EDGE('',*,*,#622,.T.);
#293=ORIENTED_EDGE('',*,*,#623,.F.);
#294=ORIENTED_EDGE('',*,*,#604,.T.);
#295=ORIENTED_EDGE('',*,*,#623,.T.);
#296=ORIENTED_EDGE('',*,*,#624,.F.);
#297=ORIENTED_EDGE('',*,*,#603,.T.);
#298=ORIENTED_EDGE('',*,*,#624,.T.);
#299=ORIENTED_EDGE('',*,*,#625,.F.);
#300=ORIENTED_EDGE('',*,*,#602,.T.);
#301=ORIENTED_EDGE('',*,*,#625,.T.);
#302=ORIENTED_EDGE('',*,*,#626,.F.);
#303=ORIENTED_EDGE('',*,*,#627,.T.);
#304=ORIENTED_EDGE('',*,*,#628,.T.);
#305=ORIENTED_EDGE('',*,*,#629,.F.);
#306=ORIENTED_EDGE('',*,*,#630,.F.);
#307=ORIENTED_EDGE('',*,*,#629,.T.);
#308=ORIENTED_EDGE('',*,*,#631,.T.);
#309=ORIENTED_EDGE('',*,*,#588,.F.);
#310=ORIENTED_EDGE('',*,*,#589,.T.);
#311=ORIENTED_EDGE('',*,*,#631,.F.);
#312=ORIENTED_EDGE('',*,*,#628,.F.);
#313=ORIENTED_EDGE('',*,*,#632,.T.);
#314=ORIENTED_EDGE('',*,*,#586,.T.);
#315=ORIENTED_EDGE('',*,*,#632,.F.);
#316=ORIENTED_EDGE('',*,*,#627,.F.);
#317=ORIENTED_EDGE('',*,*,#633,.T.);
#318=ORIENTED_EDGE('',*,*,#633,.F.);
#319=ORIENTED_EDGE('',*,*,#626,.T.);
#320=ORIENTED_EDGE('',*,*,#630,.T.);
#321=ORIENTED_EDGE('',*,*,#587,.F.);
#322=ORIENTED_EDGE('',*,*,#570,.T.);
#323=ORIENTED_EDGE('',*,*,#634,.T.);
#324=ORIENTED_EDGE('',*,*,#579,.F.);
#325=ORIENTED_EDGE('',*,*,#635,.F.);
#326=ORIENTED_EDGE('',*,*,#635,.T.);
#327=ORIENTED_EDGE('',*,*,#578,.T.);
#328=ORIENTED_EDGE('',*,*,#636,.F.);
#329=ORIENTED_EDGE('',*,*,#571,.F.);
#330=ORIENTED_EDGE('',*,*,#636,.T.);
#331=ORIENTED_EDGE('',*,*,#581,.T.);
#332=ORIENTED_EDGE('',*,*,#637,.F.);
#333=ORIENTED_EDGE('',*,*,#572,.F.);
#334=ORIENTED_EDGE('',*,*,#573,.T.);
#335=ORIENTED_EDGE('',*,*,#637,.T.);
#336=ORIENTED_EDGE('',*,*,#580,.F.);
#337=ORIENTED_EDGE('',*,*,#634,.F.);
#338=ORIENTED_EDGE('',*,*,#538,.F.);
#339=ORIENTED_EDGE('',*,*,#638,.F.);
#340=ORIENTED_EDGE('',*,*,#552,.T.);
#341=ORIENTED_EDGE('',*,*,#639,.T.);
#342=ORIENTED_EDGE('',*,*,#541,.T.);
#343=ORIENTED_EDGE('',*,*,#640,.F.);
#344=ORIENTED_EDGE('',*,*,#553,.F.);
#345=ORIENTED_EDGE('',*,*,#638,.T.);
#346=ORIENTED_EDGE('',*,*,#540,.T.);
#347=ORIENTED_EDGE('',*,*,#641,.F.);
#348=ORIENTED_EDGE('',*,*,#554,.F.);
#349=ORIENTED_EDGE('',*,*,#640,.T.);
#350=ORIENTED_EDGE('',*,*,#539,.F.);
#351=ORIENTED_EDGE('',*,*,#639,.F.);
#352=ORIENTED_EDGE('',*,*,#551,.T.);
#353=ORIENTED_EDGE('',*,*,#641,.T.);
#354=ORIENTED_EDGE('',*,*,#530,.F.);
#355=ORIENTED_EDGE('',*,*,#642,.F.);
#356=ORIENTED_EDGE('',*,*,#556,.T.);
#357=ORIENTED_EDGE('',*,*,#643,.T.);
#358=ORIENTED_EDGE('',*,*,#533,.T.);
#359=ORIENTED_EDGE('',*,*,#644,.F.);
#360=ORIENTED_EDGE('',*,*,#557,.F.);
#361=ORIENTED_EDGE('',*,*,#642,.T.);
#362=ORIENTED_EDGE('',*,*,#532,.T.);
#363=ORIENTED_EDGE('',*,*,#645,.F.);
#364=ORIENTED_EDGE('',*,*,#558,.F.);
#365=ORIENTED_EDGE('',*,*,#644,.T.);
#366=ORIENTED_EDGE('',*,*,#531,.F.);
#367=ORIENTED_EDGE('',*,*,#643,.F.);
#368=ORIENTED_EDGE('',*,*,#555,.T.);
#369=ORIENTED_EDGE('',*,*,#645,.T.);
#370=ORIENTED_EDGE('',*,*,#542,.F.);
#371=ORIENTED_EDGE('',*,*,#646,.F.);
#372=ORIENTED_EDGE('',*,*,#560,.T.);
#373=ORIENTED_EDGE('',*,*,#647,.T.);
#374=ORIENTED_EDGE('',*,*,#545,.T.);
#375=ORIENTED_EDGE('',*,*,#648,.F.);
#376=ORIENTED_EDGE('',*,*,#561,.F.);
#377=ORIENTED_EDGE('',*,*,#646,.T.);
#378=ORIENTED_EDGE('',*,*,#544,.T.);
#379=ORIENTED_EDGE('',*,*,#649,.F.);
#380=ORIENTED_EDGE('',*,*,#562,.F.);
#381=ORIENTED_EDGE('',*,*,#648,.T.);
#382=ORIENTED_EDGE('',*,*,#543,.F.);
#383=ORIENTED_EDGE('',*,*,#647,.F.);
#384=ORIENTED_EDGE('',*,*,#559,.T.);
#385=ORIENTED_EDGE('',*,*,#649,.T.);
#386=ORIENTED_EDGE('',*,*,#526,.F.);
#387=ORIENTED_EDGE('',*,*,#650,.F.);
#388=ORIENTED_EDGE('',*,*,#519,.T.);
#389=ORIENTED_EDGE('',*,*,#651,.T.);
#390=ORIENTED_EDGE('',*,*,#529,.T.);
#391=ORIENTED_EDGE('',*,*,#652,.F.);
#392=ORIENTED_EDGE('',*,*,#520,.F.);
#393=ORIENTED_EDGE('',*,*,#650,.T.);
#394=ORIENTED_EDGE('',*,*,#528,.T.);
#395=ORIENTED_EDGE('',*,*,#653,.F.);
#396=ORIENTED_EDGE('',*,*,#521,.F.);
#397=ORIENTED_EDGE('',*,*,#652,.T.);
#398=ORIENTED_EDGE('',*,*,#527,.F.);
#399=ORIENTED_EDGE('',*,*,#651,.F.);
#400=ORIENTED_EDGE('',*,*,#518,.T.);
#401=ORIENTED_EDGE('',*,*,#653,.T.);
#402=ORIENTED_EDGE('',*,*,#598,.F.);
#403=ORIENTED_EDGE('',*,*,#595,.F.);
#404=ORIENTED_EDGE('',*,*,#606,.F.);
#405=ORIENTED_EDGE('',*,*,#523,.F.);
#406=ORIENTED_EDGE('',*,*,#601,.F.);
#407=ORIENTED_EDGE('',*,*,#575,.F.);
#408=ORIENTED_EDGE('',*,*,#607,.F.);
#409=ORIENTED_EDGE('',*,*,#597,.F.);
#410=ORIENTED_EDGE('',*,*,#599,.F.);
#411=ORIENTED_EDGE('',*,*,#525,.F.);
#412=ORIENTED_EDGE('',*,*,#609,.F.);
#413=ORIENTED_EDGE('',*,*,#535,.F.);
#414=ORIENTED_EDGE('',*,*,#600,.F.);
#415=ORIENTED_EDGE('',*,*,#537,.F.);
#416=ORIENTED_EDGE('',*,*,#608,.F.);
#417=ORIENTED_EDGE('',*,*,#577,.F.);
#418=ORIENTED_EDGE('',*,*,#654,.T.);
#419=ORIENTED_EDGE('',*,*,#655,.F.);
#420=ORIENTED_EDGE('',*,*,#656,.F.);
#421=ORIENTED_EDGE('',*,*,#657,.T.);
#422=ORIENTED_EDGE('',*,*,#658,.T.);
#423=ORIENTED_EDGE('',*,*,#657,.F.);
#424=ORIENTED_EDGE('',*,*,#659,.F.);
#425=ORIENTED_EDGE('',*,*,#660,.T.);
#426=ORIENTED_EDGE('',*,*,#661,.F.);
#427=ORIENTED_EDGE('',*,*,#660,.F.);
#428=ORIENTED_EDGE('',*,*,#662,.T.);
#429=ORIENTED_EDGE('',*,*,#663,.T.);
#430=ORIENTED_EDGE('',*,*,#664,.T.);
#431=ORIENTED_EDGE('',*,*,#663,.F.);
#432=ORIENTED_EDGE('',*,*,#665,.F.);
#433=ORIENTED_EDGE('',*,*,#655,.T.);
#434=ORIENTED_EDGE('',*,*,#666,.F.);
#435=ORIENTED_EDGE('',*,*,#667,.T.);
#436=ORIENTED_EDGE('',*,*,#656,.T.);
#437=ORIENTED_EDGE('',*,*,#665,.T.);
#438=ORIENTED_EDGE('',*,*,#662,.F.);
#439=ORIENTED_EDGE('',*,*,#659,.T.);
#440=ORIENTED_EDGE('',*,*,#666,.T.);
#441=ORIENTED_EDGE('',*,*,#654,.F.);
#442=ORIENTED_EDGE('',*,*,#658,.F.);
#443=ORIENTED_EDGE('',*,*,#661,.T.);
#444=ORIENTED_EDGE('',*,*,#664,.F.);
#445=ORIENTED_EDGE('',*,*,#667,.F.);
#446=ORIENTED_EDGE('',*,*,#668,.T.);
#447=ORIENTED_EDGE('',*,*,#669,.F.);
#448=ORIENTED_EDGE('',*,*,#670,.F.);
#449=ORIENTED_EDGE('',*,*,#671,.T.);
#450=ORIENTED_EDGE('',*,*,#672,.T.);
#451=ORIENTED_EDGE('',*,*,#671,.F.);
#452=ORIENTED_EDGE('',*,*,#673,.F.);
#453=ORIENTED_EDGE('',*,*,#674,.T.);
#454=ORIENTED_EDGE('',*,*,#675,.F.);
#455=ORIENTED_EDGE('',*,*,#674,.F.);
#456=ORIENTED_EDGE('',*,*,#676,.T.);
#457=ORIENTED_EDGE('',*,*,#677,.T.);
#458=ORIENTED_EDGE('',*,*,#678,.F.);
#459=ORIENTED_EDGE('',*,*,#677,.F.);
#460=ORIENTED_EDGE('',*,*,#679,.T.);
#461=ORIENTED_EDGE('',*,*,#669,.T.);
#462=ORIENTED_EDGE('',*,*,#680,.F.);
#463=ORIENTED_EDGE('',*,*,#681,.T.);
#464=ORIENTED_EDGE('',*,*,#670,.T.);
#465=ORIENTED_EDGE('',*,*,#679,.F.);
#466=ORIENTED_EDGE('',*,*,#676,.F.);
#467=ORIENTED_EDGE('',*,*,#673,.T.);
#468=ORIENTED_EDGE('',*,*,#680,.T.);
#469=ORIENTED_EDGE('',*,*,#668,.F.);
#470=ORIENTED_EDGE('',*,*,#672,.F.);
#471=ORIENTED_EDGE('',*,*,#675,.T.);
#472=ORIENTED_EDGE('',*,*,#678,.T.);
#473=ORIENTED_EDGE('',*,*,#681,.F.);
#474=EDGE_CURVE('',#682,#683,#826,.T.);
#475=EDGE_CURVE('',#684,#682,#827,.T.);
#476=EDGE_CURVE('',#684,#685,#828,.T.);
#477=EDGE_CURVE('',#685,#683,#829,.T.);
#478=EDGE_CURVE('',#682,#686,#830,.T.);
#479=EDGE_CURVE('',#687,#686,#831,.T.);
#480=EDGE_CURVE('',#684,#687,#832,.T.);
#481=EDGE_CURVE('',#686,#688,#833,.T.);
#482=EDGE_CURVE('',#689,#688,#834,.T.);
#483=EDGE_CURVE('',#687,#689,#835,.T.);
#484=EDGE_CURVE('',#683,#688,#836,.T.);
#485=EDGE_CURVE('',#685,#689,#837,.T.);
#486=EDGE_CURVE('',#690,#691,#838,.T.);
#487=EDGE_CURVE('',#692,#690,#839,.T.);
#488=EDGE_CURVE('',#692,#693,#840,.T.);
#489=EDGE_CURVE('',#693,#691,#841,.T.);
#490=EDGE_CURVE('',#691,#694,#842,.T.);
#491=EDGE_CURVE('',#693,#695,#843,.T.);
#492=EDGE_CURVE('',#695,#694,#844,.T.);
#493=EDGE_CURVE('',#696,#694,#845,.T.);
#494=EDGE_CURVE('',#697,#695,#846,.T.);
#495=EDGE_CURVE('',#697,#696,#847,.T.);
#496=EDGE_CURVE('',#698,#698,#10,.T.);
#497=EDGE_CURVE('',#699,#699,#11,.T.);
#498=EDGE_CURVE('',#696,#690,#848,.T.);
#499=EDGE_CURVE('',#697,#692,#849,.T.);
#500=EDGE_CURVE('',#700,#701,#850,.T.);
#501=EDGE_CURVE('',#702,#701,#851,.T.);
#502=EDGE_CURVE('',#703,#702,#852,.T.);
#503=EDGE_CURVE('',#703,#700,#853,.T.);
#504=EDGE_CURVE('',#700,#704,#854,.T.);
#505=EDGE_CURVE('',#703,#705,#855,.T.);
#506=EDGE_CURVE('',#705,#704,#856,.T.);
#507=EDGE_CURVE('',#704,#706,#857,.T.);
#508=EDGE_CURVE('',#705,#707,#858,.T.);
#509=EDGE_CURVE('',#707,#706,#859,.T.);
#510=EDGE_CURVE('',#701,#706,#860,.T.);
#511=EDGE_CURVE('',#702,#707,#861,.T.);
#512=EDGE_CURVE('',#708,#708,#12,.T.);
#513=EDGE_CURVE('',#709,#709,#13,.T.);
#514=EDGE_CURVE('',#710,#711,#862,.T.);
#515=EDGE_CURVE('',#712,#711,#863,.T.);
#516=EDGE_CURVE('',#713,#712,#864,.T.);
#517=EDGE_CURVE('',#713,#710,#865,.T.);
#518=EDGE_CURVE('',#714,#715,#866,.T.);
#519=EDGE_CURVE('',#716,#714,#867,.T.);
#520=EDGE_CURVE('',#716,#717,#868,.T.);
#521=EDGE_CURVE('',#717,#715,#869,.T.);
#522=EDGE_CURVE('',#718,#719,#870,.T.);
#523=EDGE_CURVE('',#718,#720,#871,.T.);
#524=EDGE_CURVE('',#720,#721,#872,.T.);
#525=EDGE_CURVE('',#721,#719,#873,.F.);
#526=EDGE_CURVE('',#722,#723,#874,.T.);
#527=EDGE_CURVE('',#723,#724,#875,.T.);
#528=EDGE_CURVE('',#725,#724,#876,.T.);
#529=EDGE_CURVE('',#722,#725,#877,.T.);
#530=EDGE_CURVE('',#726,#727,#878,.T.);
#531=EDGE_CURVE('',#727,#728,#879,.T.);
#532=EDGE_CURVE('',#729,#728,#880,.T.);
#533=EDGE_CURVE('',#726,#729,#881,.T.);
#534=EDGE_CURVE('',#730,#731,#882,.T.);
#535=EDGE_CURVE('',#730,#732,#883,.T.);
#536=EDGE_CURVE('',#732,#733,#884,.T.);
#537=EDGE_CURVE('',#733,#731,#885,.F.);
#538=EDGE_CURVE('',#734,#735,#886,.T.);
#539=EDGE_CURVE('',#735,#736,#887,.T.);
#540=EDGE_CURVE('',#737,#736,#888,.T.);
#541=EDGE_CURVE('',#734,#737,#889,.T.);
#542=EDGE_CURVE('',#738,#739,#890,.T.);
#543=EDGE_CURVE('',#739,#740,#891,.T.);
#544=EDGE_CURVE('',#741,#740,#892,.T.);
#545=EDGE_CURVE('',#738,#741,#893,.T.);
#546=EDGE_CURVE('',#742,#743,#894,.T.);
#547=EDGE_CURVE('',#744,#742,#895,.T.);
#548=EDGE_CURVE('',#711,#744,#896,.T.);
#549=EDGE_CURVE('',#710,#745,#897,.T.);
#550=EDGE_CURVE('',#745,#743,#898,.T.);
#551=EDGE_CURVE('',#746,#747,#899,.T.);
#552=EDGE_CURVE('',#748,#746,#900,.T.);
#553=EDGE_CURVE('',#748,#749,#901,.T.);
#554=EDGE_CURVE('',#749,#747,#902,.T.);
#555=EDGE_CURVE('',#750,#751,#903,.T.);
#556=EDGE_CURVE('',#752,#750,#904,.T.);
#557=EDGE_CURVE('',#752,#753,#905,.T.);
#558=EDGE_CURVE('',#753,#751,#906,.T.);
#559=EDGE_CURVE('',#754,#755,#907,.T.);
#560=EDGE_CURVE('',#756,#754,#908,.T.);
#561=EDGE_CURVE('',#756,#757,#909,.T.);
#562=EDGE_CURVE('',#757,#755,#910,.T.);
#563=EDGE_CURVE('',#758,#759,#911,.T.);
#564=EDGE_CURVE('',#759,#743,#912,.T.);
#565=EDGE_CURVE('',#760,#745,#913,.T.);
#566=EDGE_CURVE('',#760,#761,#914,.T.);
#567=EDGE_CURVE('',#761,#762,#915,.T.);
#568=EDGE_CURVE('',#763,#762,#916,.T.);
#569=EDGE_CURVE('',#763,#758,#917,.T.);
#570=EDGE_CURVE('',#764,#765,#918,.T.);
#571=EDGE_CURVE('',#764,#766,#919,.T.);
#572=EDGE_CURVE('',#766,#767,#920,.T.);
#573=EDGE_CURVE('',#765,#767,#921,.T.);
#574=EDGE_CURVE('',#768,#769,#922,.T.);
#575=EDGE_CURVE('',#768,#770,#923,.F.);
#576=EDGE_CURVE('',#770,#771,#924,.T.);
#577=EDGE_CURVE('',#771,#769,#925,.T.);
#578=EDGE_CURVE('',#772,#773,#926,.T.);
#579=EDGE_CURVE('',#772,#774,#927,.T.);
#580=EDGE_CURVE('',#774,#775,#928,.T.);
#581=EDGE_CURVE('',#773,#775,#929,.T.);
#582=EDGE_CURVE('',#776,#777,#930,.T.);
#583=EDGE_CURVE('',#778,#776,#931,.T.);
#584=EDGE_CURVE('',#778,#779,#932,.T.);
#585=EDGE_CURVE('',#779,#777,#933,.T.);
#586=EDGE_CURVE('',#780,#781,#934,.T.);
#587=EDGE_CURVE('',#780,#782,#935,.T.);
#588=EDGE_CURVE('',#782,#783,#936,.T.);
#589=EDGE_CURVE('',#781,#783,#937,.T.);
#590=EDGE_CURVE('',#784,#785,#938,.T.);
#591=EDGE_CURVE('',#785,#761,#939,.T.);
#592=EDGE_CURVE('',#713,#760,#940,.T.);
#593=EDGE_CURVE('',#712,#784,#941,.T.);
#594=EDGE_CURVE('',#786,#787,#942,.T.);
#595=EDGE_CURVE('',#786,#788,#943,.F.);
#596=EDGE_CURVE('',#788,#789,#944,.T.);
#597=EDGE_CURVE('',#789,#787,#945,.T.);
#598=EDGE_CURVE('',#788,#718,#14,.T.);
#599=EDGE_CURVE('',#719,#730,#15,.T.);
#600=EDGE_CURVE('',#731,#771,#16,.T.);
#601=EDGE_CURVE('',#770,#789,#17,.T.);
#602=EDGE_CURVE('',#790,#790,#18,.T.);
#603=EDGE_CURVE('',#791,#791,#19,.T.);
#604=EDGE_CURVE('',#792,#792,#20,.T.);
#605=EDGE_CURVE('',#793,#793,#21,.T.);
#606=EDGE_CURVE('',#720,#786,#22,.F.);
#607=EDGE_CURVE('',#787,#768,#23,.F.);
#608=EDGE_CURVE('',#769,#733,#24,.F.);
#609=EDGE_CURVE('',#732,#721,#25,.F.);
#610=EDGE_CURVE('',#744,#794,#946,.T.);
#611=EDGE_CURVE('',#758,#794,#947,.T.);
#612=EDGE_CURVE('',#763,#779,#948,.T.);
#613=EDGE_CURVE('',#778,#795,#949,.T.);
#614=EDGE_CURVE('',#795,#784,#950,.T.);
#615=EDGE_CURVE('',#742,#796,#951,.T.);
#616=EDGE_CURVE('',#794,#796,#952,.T.);
#617=EDGE_CURVE('',#759,#796,#953,.T.);
#618=EDGE_CURVE('',#776,#797,#954,.T.);
#619=EDGE_CURVE('',#795,#797,#955,.T.);
#620=EDGE_CURVE('',#762,#777,#956,.T.);
#621=EDGE_CURVE('',#797,#785,#957,.T.);
#622=EDGE_CURVE('',#798,#798,#26,.T.);
#623=EDGE_CURVE('',#799,#799,#27,.T.);
#624=EDGE_CURVE('',#800,#800,#28,.T.);
#625=EDGE_CURVE('',#801,#801,#29,.T.);
#626=EDGE_CURVE('',#802,#803,#958,.T.);
#627=EDGE_CURVE('',#802,#804,#959,.T.);
#628=EDGE_CURVE('',#804,#805,#960,.T.);
#629=EDGE_CURVE('',#803,#805,#961,.T.);
#630=EDGE_CURVE('',#803,#782,#962,.T.);
#631=EDGE_CURVE('',#805,#783,#963,.T.);
#632=EDGE_CURVE('',#804,#781,#964,.T.);
#633=EDGE_CURVE('',#802,#780,#965,.T.);
#634=EDGE_CURVE('',#765,#774,#966,.T.);
#635=EDGE_CURVE('',#764,#772,#967,.T.);
#636=EDGE_CURVE('',#766,#773,#968,.T.);
#637=EDGE_CURVE('',#767,#775,#969,.T.);
#638=EDGE_CURVE('',#748,#734,#970,.T.);
#639=EDGE_CURVE('',#746,#735,#971,.T.);
#640=EDGE_CURVE('',#749,#737,#972,.T.);
#641=EDGE_CURVE('',#747,#736,#973,.T.);
#642=EDGE_CURVE('',#752,#726,#974,.T.);
#643=EDGE_CURVE('',#750,#727,#975,.T.);
#644=EDGE_CURVE('',#753,#729,#976,.T.);
#645=EDGE_CURVE('',#751,#728,#977,.T.);
#646=EDGE_CURVE('',#756,#738,#978,.T.);
#647=EDGE_CURVE('',#754,#739,#979,.T.);
#648=EDGE_CURVE('',#757,#741,#980,.T.);
#649=EDGE_CURVE('',#755,#740,#981,.T.);
#650=EDGE_CURVE('',#716,#722,#982,.T.);
#651=EDGE_CURVE('',#714,#723,#983,.T.);
#652=EDGE_CURVE('',#717,#725,#984,.T.);
#653=EDGE_CURVE('',#715,#724,#985,.T.);
#654=EDGE_CURVE('',#806,#807,#986,.T.);
#655=EDGE_CURVE('',#808,#807,#987,.T.);
#656=EDGE_CURVE('',#809,#808,#988,.T.);
#657=EDGE_CURVE('',#809,#806,#989,.T.);
#658=EDGE_CURVE('',#810,#806,#990,.T.);
#659=EDGE_CURVE('',#811,#809,#991,.T.);
#660=EDGE_CURVE('',#811,#810,#992,.T.);
#661=EDGE_CURVE('',#810,#812,#993,.T.);
#662=EDGE_CURVE('',#811,#813,#994,.T.);
#663=EDGE_CURVE('',#813,#812,#995,.T.);
#664=EDGE_CURVE('',#807,#812,#996,.T.);
#665=EDGE_CURVE('',#808,#813,#997,.T.);
#666=EDGE_CURVE('',#814,#814,#30,.T.);
#667=EDGE_CURVE('',#815,#815,#31,.T.);
#668=EDGE_CURVE('',#816,#817,#998,.T.);
#669=EDGE_CURVE('',#818,#817,#999,.T.);
#670=EDGE_CURVE('',#819,#818,#1000,.T.);
#671=EDGE_CURVE('',#819,#816,#1001,.T.);
#672=EDGE_CURVE('',#820,#816,#1002,.T.);
#673=EDGE_CURVE('',#821,#819,#1003,.T.);
#674=EDGE_CURVE('',#821,#820,#1004,.T.);
#675=EDGE_CURVE('',#820,#822,#1005,.T.);
#676=EDGE_CURVE('',#821,#823,#1006,.T.);
#677=EDGE_CURVE('',#823,#822,#1007,.T.);
#678=EDGE_CURVE('',#822,#817,#1008,.T.);
#679=EDGE_CURVE('',#823,#818,#1009,.T.);
#680=EDGE_CURVE('',#824,#824,#32,.T.);
#681=EDGE_CURVE('',#825,#825,#33,.T.);
#682=VERTEX_POINT('',#2219);
#683=VERTEX_POINT('',#2220);
#684=VERTEX_POINT('',#2222);
#685=VERTEX_POINT('',#2224);
#686=VERTEX_POINT('',#2228);
#687=VERTEX_POINT('',#2230);
#688=VERTEX_POINT('',#2234);
#689=VERTEX_POINT('',#2236);
#690=VERTEX_POINT('',#2246);
#691=VERTEX_POINT('',#2247);
#692=VERTEX_POINT('',#2249);
#693=VERTEX_POINT('',#2251);
#694=VERTEX_POINT('',#2255);
#695=VERTEX_POINT('',#2257);
#696=VERTEX_POINT('',#2261);
#697=VERTEX_POINT('',#2263);
#698=VERTEX_POINT('',#2267);
#699=VERTEX_POINT('',#2269);
#700=VERTEX_POINT('',#2278);
#701=VERTEX_POINT('',#2279);
#702=VERTEX_POINT('',#2281);
#703=VERTEX_POINT('',#2283);
#704=VERTEX_POINT('',#2287);
#705=VERTEX_POINT('',#2289);
#706=VERTEX_POINT('',#2293);
#707=VERTEX_POINT('',#2295);
#708=VERTEX_POINT('',#2302);
#709=VERTEX_POINT('',#2304);
#710=VERTEX_POINT('',#2310);
#711=VERTEX_POINT('',#2311);
#712=VERTEX_POINT('',#2313);
#713=VERTEX_POINT('',#2315);
#714=VERTEX_POINT('',#2318);
#715=VERTEX_POINT('',#2319);
#716=VERTEX_POINT('',#2321);
#717=VERTEX_POINT('',#2323);
#718=VERTEX_POINT('',#2327);
#719=VERTEX_POINT('',#2328);
#720=VERTEX_POINT('',#2330);
#721=VERTEX_POINT('',#2332);
#722=VERTEX_POINT('',#2335);
#723=VERTEX_POINT('',#2336);
#724=VERTEX_POINT('',#2338);
#725=VERTEX_POINT('',#2340);
#726=VERTEX_POINT('',#2344);
#727=VERTEX_POINT('',#2345);
#728=VERTEX_POINT('',#2347);
#729=VERTEX_POINT('',#2349);
#730=VERTEX_POINT('',#2352);
#731=VERTEX_POINT('',#2353);
#732=VERTEX_POINT('',#2355);
#733=VERTEX_POINT('',#2357);
#734=VERTEX_POINT('',#2360);
#735=VERTEX_POINT('',#2361);
#736=VERTEX_POINT('',#2363);
#737=VERTEX_POINT('',#2365);
#738=VERTEX_POINT('',#2368);
#739=VERTEX_POINT('',#2369);
#740=VERTEX_POINT('',#2371);
#741=VERTEX_POINT('',#2373);
#742=VERTEX_POINT('',#2377);
#743=VERTEX_POINT('',#2378);
#744=VERTEX_POINT('',#2380);
#745=VERTEX_POINT('',#2383);
#746=VERTEX_POINT('',#2386);
#747=VERTEX_POINT('',#2387);
#748=VERTEX_POINT('',#2389);
#749=VERTEX_POINT('',#2391);
#750=VERTEX_POINT('',#2394);
#751=VERTEX_POINT('',#2395);
#752=VERTEX_POINT('',#2397);
#753=VERTEX_POINT('',#2399);
#754=VERTEX_POINT('',#2402);
#755=VERTEX_POINT('',#2403);
#756=VERTEX_POINT('',#2405);
#757=VERTEX_POINT('',#2407);
#758=VERTEX_POINT('',#2411);
#759=VERTEX_POINT('',#2412);
#760=VERTEX_POINT('',#2415);
#761=VERTEX_POINT('',#2417);
#762=VERTEX_POINT('',#2419);
#763=VERTEX_POINT('',#2421);
#764=VERTEX_POINT('',#2424);
#765=VERTEX_POINT('',#2425);
#766=VERTEX_POINT('',#2427);
#767=VERTEX_POINT('',#2429);
#768=VERTEX_POINT('',#2433);
#769=VERTEX_POINT('',#2434);
#770=VERTEX_POINT('',#2436);
#771=VERTEX_POINT('',#2438);
#772=VERTEX_POINT('',#2441);
#773=VERTEX_POINT('',#2442);
#774=VERTEX_POINT('',#2444);
#775=VERTEX_POINT('',#2446);
#776=VERTEX_POINT('',#2450);
#777=VERTEX_POINT('',#2451);
#778=VERTEX_POINT('',#2453);
#779=VERTEX_POINT('',#2455);
#780=VERTEX_POINT('',#2458);
#781=VERTEX_POINT('',#2459);
#782=VERTEX_POINT('',#2461);
#783=VERTEX_POINT('',#2463);
#784=VERTEX_POINT('',#2467);
#785=VERTEX_POINT('',#2468);
#786=VERTEX_POINT('',#2474);
#787=VERTEX_POINT('',#2475);
#788=VERTEX_POINT('',#2477);
#789=VERTEX_POINT('',#2479);
#790=VERTEX_POINT('',#2488);
#791=VERTEX_POINT('',#2490);
#792=VERTEX_POINT('',#2492);
#793=VERTEX_POINT('',#2494);
#794=VERTEX_POINT('',#2500);
#795=VERTEX_POINT('',#2504);
#796=VERTEX_POINT('',#2508);
#797=VERTEX_POINT('',#2515);
#798=VERTEX_POINT('',#2524);
#799=VERTEX_POINT('',#2528);
#800=VERTEX_POINT('',#2532);
#801=VERTEX_POINT('',#2536);
#802=VERTEX_POINT('',#2540);
#803=VERTEX_POINT('',#2541);
#804=VERTEX_POINT('',#2543);
#805=VERTEX_POINT('',#2545);
#806=VERTEX_POINT('',#2602);
#807=VERTEX_POINT('',#2603);
#808=VERTEX_POINT('',#2605);
#809=VERTEX_POINT('',#2607);
#810=VERTEX_POINT('',#2611);
#811=VERTEX_POINT('',#2613);
#812=VERTEX_POINT('',#2617);
#813=VERTEX_POINT('',#2619);
#814=VERTEX_POINT('',#2626);
#815=VERTEX_POINT('',#2628);
#816=VERTEX_POINT('',#2634);
#817=VERTEX_POINT('',#2635);
#818=VERTEX_POINT('',#2637);
#819=VERTEX_POINT('',#2639);
#820=VERTEX_POINT('',#2643);
#821=VERTEX_POINT('',#2645);
#822=VERTEX_POINT('',#2649);
#823=VERTEX_POINT('',#2651);
#824=VERTEX_POINT('',#2658);
#825=VERTEX_POINT('',#2660);
#826=LINE('',#2218,#1010);
#827=LINE('',#2221,#1011);
#828=LINE('',#2223,#1012);
#829=LINE('',#2225,#1013);
#830=LINE('',#2227,#1014);
#831=LINE('',#2229,#1015);
#832=LINE('',#2231,#1016);
#833=LINE('',#2233,#1017);
#834=LINE('',#2235,#1018);
#835=LINE('',#2237,#1019);
#836=LINE('',#2239,#1020);
#837=LINE('',#2240,#1021);
#838=LINE('',#2245,#1022);
#839=LINE('',#2248,#1023);
#840=LINE('',#2250,#1024);
#841=LINE('',#2252,#1025);
#842=LINE('',#2254,#1026);
#843=LINE('',#2256,#1027);
#844=LINE('',#2258,#1028);
#845=LINE('',#2260,#1029);
#846=LINE('',#2262,#1030);
#847=LINE('',#2264,#1031);
#848=LINE('',#2271,#1032);
#849=LINE('',#2272,#1033);
#850=LINE('',#2277,#1034);
#851=LINE('',#2280,#1035);
#852=LINE('',#2282,#1036);
#853=LINE('',#2284,#1037);
#854=LINE('',#2286,#1038);
#855=LINE('',#2288,#1039);
#856=LINE('',#2290,#1040);
#857=LINE('',#2292,#1041);
#858=LINE('',#2294,#1042);
#859=LINE('',#2296,#1043);
#860=LINE('',#2298,#1044);
#861=LINE('',#2299,#1045);
#862=LINE('',#2309,#1046);
#863=LINE('',#2312,#1047);
#864=LINE('',#2314,#1048);
#865=LINE('',#2316,#1049);
#866=LINE('',#2317,#1050);
#867=LINE('',#2320,#1051);
#868=LINE('',#2322,#1052);
#869=LINE('',#2324,#1053);
#870=LINE('',#2326,#1054);
#871=LINE('',#2329,#1055);
#872=LINE('',#2331,#1056);
#873=LINE('',#2333,#1057);
#874=LINE('',#2334,#1058);
#875=LINE('',#2337,#1059);
#876=LINE('',#2339,#1060);
#877=LINE('',#2341,#1061);
#878=LINE('',#2343,#1062);
#879=LINE('',#2346,#1063);
#880=LINE('',#2348,#1064);
#881=LINE('',#2350,#1065);
#882=LINE('',#2351,#1066);
#883=LINE('',#2354,#1067);
#884=LINE('',#2356,#1068);
#885=LINE('',#2358,#1069);
#886=LINE('',#2359,#1070);
#887=LINE('',#2362,#1071);
#888=LINE('',#2364,#1072);
#889=LINE('',#2366,#1073);
#890=LINE('',#2367,#1074);
#891=LINE('',#2370,#1075);
#892=LINE('',#2372,#1076);
#893=LINE('',#2374,#1077);
#894=LINE('',#2376,#1078);
#895=LINE('',#2379,#1079);
#896=LINE('',#2381,#1080);
#897=LINE('',#2382,#1081);
#898=LINE('',#2384,#1082);
#899=LINE('',#2385,#1083);
#900=LINE('',#2388,#1084);
#901=LINE('',#2390,#1085);
#902=LINE('',#2392,#1086);
#903=LINE('',#2393,#1087);
#904=LINE('',#2396,#1088);
#905=LINE('',#2398,#1089);
#906=LINE('',#2400,#1090);
#907=LINE('',#2401,#1091);
#908=LINE('',#2404,#1092);
#909=LINE('',#2406,#1093);
#910=LINE('',#2408,#1094);
#911=LINE('',#2410,#1095);
#912=LINE('',#2413,#1096);
#913=LINE('',#2414,#1097);
#914=LINE('',#2416,#1098);
#915=LINE('',#2418,#1099);
#916=LINE('',#2420,#1100);
#917=LINE('',#2422,#1101);
#918=LINE('',#2423,#1102);
#919=LINE('',#2426,#1103);
#920=LINE('',#2428,#1104);
#921=LINE('',#2430,#1105);
#922=LINE('',#2432,#1106);
#923=LINE('',#2435,#1107);
#924=LINE('',#2437,#1108);
#925=LINE('',#2439,#1109);
#926=LINE('',#2440,#1110);
#927=LINE('',#2443,#1111);
#928=LINE('',#2445,#1112);
#929=LINE('',#2447,#1113);
#930=LINE('',#2449,#1114);
#931=LINE('',#2452,#1115);
#932=LINE('',#2454,#1116);
#933=LINE('',#2456,#1117);
#934=LINE('',#2457,#1118);
#935=LINE('',#2460,#1119);
#936=LINE('',#2462,#1120);
#937=LINE('',#2464,#1121);
#938=LINE('',#2466,#1122);
#939=LINE('',#2469,#1123);
#940=LINE('',#2470,#1124);
#941=LINE('',#2471,#1125);
#942=LINE('',#2473,#1126);
#943=LINE('',#2476,#1127);
#944=LINE('',#2478,#1128);
#945=LINE('',#2480,#1129);
#946=LINE('',#2499,#1130);
#947=LINE('',#2501,#1131);
#948=LINE('',#2502,#1132);
#949=LINE('',#2503,#1133);
#950=LINE('',#2505,#1134);
#951=LINE('',#2507,#1135);
#952=LINE('',#2509,#1136);
#953=LINE('',#2511,#1137);
#954=LINE('',#2514,#1138);
#955=LINE('',#2516,#1139);
#956=LINE('',#2518,#1140);
#957=LINE('',#2520,#1141);
#958=LINE('',#2539,#1142);
#959=LINE('',#2542,#1143);
#960=LINE('',#2544,#1144);
#961=LINE('',#2546,#1145);
#962=LINE('',#2548,#1146);
#963=LINE('',#2549,#1147);
#964=LINE('',#2551,#1148);
#965=LINE('',#2553,#1149);
#966=LINE('',#2556,#1150);
#967=LINE('',#2557,#1151);
#968=LINE('',#2559,#1152);
#969=LINE('',#2561,#1153);
#970=LINE('',#2564,#1154);
#971=LINE('',#2565,#1155);
#972=LINE('',#2567,#1156);
#973=LINE('',#2569,#1157);
#974=LINE('',#2572,#1158);
#975=LINE('',#2573,#1159);
#976=LINE('',#2575,#1160);
#977=LINE('',#2577,#1161);
#978=LINE('',#2580,#1162);
#979=LINE('',#2581,#1163);
#980=LINE('',#2583,#1164);
#981=LINE('',#2585,#1165);
#982=LINE('',#2588,#1166);
#983=LINE('',#2589,#1167);
#984=LINE('',#2591,#1168);
#985=LINE('',#2593,#1169);
#986=LINE('',#2601,#1170);
#987=LINE('',#2604,#1171);
#988=LINE('',#2606,#1172);
#989=LINE('',#2608,#1173);
#990=LINE('',#2610,#1174);
#991=LINE('',#2612,#1175);
#992=LINE('',#2614,#1176);
#993=LINE('',#2616,#1177);
#994=LINE('',#2618,#1178);
#995=LINE('',#2620,#1179);
#996=LINE('',#2622,#1180);
#997=LINE('',#2623,#1181);
#998=LINE('',#2633,#1182);
#999=LINE('',#2636,#1183);
#1000=LINE('',#2638,#1184);
#1001=LINE('',#2640,#1185);
#1002=LINE('',#2642,#1186);
#1003=LINE('',#2644,#1187);
#1004=LINE('',#2646,#1188);
#1005=LINE('',#2648,#1189);
#1006=LINE('',#2650,#1190);
#1007=LINE('',#2652,#1191);
#1008=LINE('',#2654,#1192);
#1009=LINE('',#2655,#1193);
#1010=VECTOR('',#1798,1.);
#1011=VECTOR('',#1799,1.);
#1012=VECTOR('',#1800,1.);
#1013=VECTOR('',#1801,1.);
#1014=VECTOR('',#1804,1.);
#1015=VECTOR('',#1805,1.);
#1016=VECTOR('',#1806,1.);
#1017=VECTOR('',#1809,1.);
#1018=VECTOR('',#1810,1.);
#1019=VECTOR('',#1811,1.);
#1020=VECTOR('',#1814,1.);
#1021=VECTOR('',#1815,1.);
#1022=VECTOR('',#1824,1.);
#1023=VECTOR('',#1825,1.);
#1024=VECTOR('',#1826,1.);
#1025=VECTOR('',#1827,1.);
#1026=VECTOR('',#1830,1.);
#1027=VECTOR('',#1831,1.);
#1028=VECTOR('',#1832,1.);
#1029=VECTOR('',#1835,1.);
#1030=VECTOR('',#1836,1.);
#1031=VECTOR('',#1837,1.);
#1032=VECTOR('',#1846,1.);
#1033=VECTOR('',#1847,1.);
#1034=VECTOR('',#1856,1.);
#1035=VECTOR('',#1857,1.);
#1036=VECTOR('',#1858,1.);
#1037=VECTOR('',#1859,1.);
#1038=VECTOR('',#1862,1.);
#1039=VECTOR('',#1863,1.);
#1040=VECTOR('',#1864,1.);
#1041=VECTOR('',#1867,1.);
#1042=VECTOR('',#1868,1.);
#1043=VECTOR('',#1869,1.);
#1044=VECTOR('',#1872,1.);
#1045=VECTOR('',#1873,1.);
#1046=VECTOR('',#1888,1.);
#1047=VECTOR('',#1889,1.);
#1048=VECTOR('',#1890,1.);
#1049=VECTOR('',#1891,1.);
#1050=VECTOR('',#1892,1.);
#1051=VECTOR('',#1893,1.);
#1052=VECTOR('',#1894,1.);
#1053=VECTOR('',#1895,1.);
#1054=VECTOR('',#1898,1.);
#1055=VECTOR('',#1899,1.);
#1056=VECTOR('',#1900,1.);
#1057=VECTOR('',#1901,1.);
#1058=VECTOR('',#1902,1.);
#1059=VECTOR('',#1903,1.);
#1060=VECTOR('',#1904,1.);
#1061=VECTOR('',#1905,1.);
#1062=VECTOR('',#1908,1.);
#1063=VECTOR('',#1909,1.);
#1064=VECTOR('',#1910,1.);
#1065=VECTOR('',#1911,1.);
#1066=VECTOR('',#1912,1.);
#1067=VECTOR('',#1913,1.);
#1068=VECTOR('',#1914,1.);
#1069=VECTOR('',#1915,1.);
#1070=VECTOR('',#1916,1.);
#1071=VECTOR('',#1917,1.);
#1072=VECTOR('',#1918,1.);
#1073=VECTOR('',#1919,1.);
#1074=VECTOR('',#1920,1.);
#1075=VECTOR('',#1921,1.);
#1076=VECTOR('',#1922,1.);
#1077=VECTOR('',#1923,1.);
#1078=VECTOR('',#1926,1.);
#1079=VECTOR('',#1927,1.);
#1080=VECTOR('',#1928,1.);
#1081=VECTOR('',#1929,1.);
#1082=VECTOR('',#1930,1.);
#1083=VECTOR('',#1931,1.);
#1084=VECTOR('',#1932,1.);
#1085=VECTOR('',#1933,1.);
#1086=VECTOR('',#1934,1.);
#1087=VECTOR('',#1935,1.);
#1088=VECTOR('',#1936,1.);
#1089=VECTOR('',#1937,1.);
#1090=VECTOR('',#1938,1.);
#1091=VECTOR('',#1939,1.);
#1092=VECTOR('',#1940,1.);
#1093=VECTOR('',#1941,1.);
#1094=VECTOR('',#1942,1.);
#1095=VECTOR('',#1945,1.);
#1096=VECTOR('',#1946,1.);
#1097=VECTOR('',#1947,1.);
#1098=VECTOR('',#1948,1.);
#1099=VECTOR('',#1949,1.);
#1100=VECTOR('',#1950,1.);
#1101=VECTOR('',#1951,1.);
#1102=VECTOR('',#1952,1.);
#1103=VECTOR('',#1953,1.);
#1104=VECTOR('',#1954,1.);
#1105=VECTOR('',#1955,1.);
#1106=VECTOR('',#1958,1.);
#1107=VECTOR('',#1959,1.);
#1108=VECTOR('',#1960,1.);
#1109=VECTOR('',#1961,1.);
#1110=VECTOR('',#1962,1.);
#1111=VECTOR('',#1963,1.);
#1112=VECTOR('',#1964,1.);
#1113=VECTOR('',#1965,1.);
#1114=VECTOR('',#1968,1.);
#1115=VECTOR('',#1969,1.);
#1116=VECTOR('',#1970,1.);
#1117=VECTOR('',#1971,1.);
#1118=VECTOR('',#1972,1.);
#1119=VECTOR('',#1973,1.);
#1120=VECTOR('',#1974,1.);
#1121=VECTOR('',#1975,1.);
#1122=VECTOR('',#1978,1.);
#1123=VECTOR('',#1979,1.);
#1124=VECTOR('',#1980,1.);
#1125=VECTOR('',#1981,1.);
#1126=VECTOR('',#1984,1.);
#1127=VECTOR('',#1985,1.);
#1128=VECTOR('',#1986,1.);
#1129=VECTOR('',#1987,1.);
#1130=VECTOR('',#2016,1.);
#1131=VECTOR('',#2017,1.);
#1132=VECTOR('',#2018,1.);
#1133=VECTOR('',#2019,1.);
#1134=VECTOR('',#2020,1.);
#1135=VECTOR('',#2023,1.);
#1136=VECTOR('',#2024,1.);
#1137=VECTOR('',#2027,1.);
#1138=VECTOR('',#2032,1.);
#1139=VECTOR('',#2033,1.);
#1140=VECTOR('',#2036,1.);
#1141=VECTOR('',#2039,1.);
#1142=VECTOR('',#2068,1.);
#1143=VECTOR('',#2069,1.);
#1144=VECTOR('',#2070,1.);
#1145=VECTOR('',#2071,1.);
#1146=VECTOR('',#2074,1.);
#1147=VECTOR('',#2075,1.);
#1148=VECTOR('',#2078,1.);
#1149=VECTOR('',#2081,1.);
#1150=VECTOR('',#2086,1.);
#1151=VECTOR('',#2087,1.);
#1152=VECTOR('',#2090,1.);
#1153=VECTOR('',#2093,1.);
#1154=VECTOR('',#2098,1.);
#1155=VECTOR('',#2099,1.);
#1156=VECTOR('',#2102,1.);
#1157=VECTOR('',#2105,1.);
#1158=VECTOR('',#2110,1.);
#1159=VECTOR('',#2111,1.);
#1160=VECTOR('',#2114,1.);
#1161=VECTOR('',#2117,1.);
#1162=VECTOR('',#2122,1.);
#1163=VECTOR('',#2123,1.);
#1164=VECTOR('',#2126,1.);
#1165=VECTOR('',#2129,1.);
#1166=VECTOR('',#2134,1.);
#1167=VECTOR('',#2135,1.);
#1168=VECTOR('',#2138,1.);
#1169=VECTOR('',#2141,1.);
#1170=VECTOR('',#2156,1.);
#1171=VECTOR('',#2157,1.);
#1172=VECTOR('',#2158,1.);
#1173=VECTOR('',#2159,1.);
#1174=VECTOR('',#2162,1.);
#1175=VECTOR('',#2163,1.);
#1176=VECTOR('',#2164,1.);
#1177=VECTOR('',#2167,1.);
#1178=VECTOR('',#2168,1.);
#1179=VECTOR('',#2169,1.);
#1180=VECTOR('',#2172,1.);
#1181=VECTOR('',#2173,1.);
#1182=VECTOR('',#2188,1.);
#1183=VECTOR('',#2189,1.);
#1184=VECTOR('',#2190,1.);
#1185=VECTOR('',#2191,1.);
#1186=VECTOR('',#2194,1.);
#1187=VECTOR('',#2195,1.);
#1188=VECTOR('',#2196,1.);
#1189=VECTOR('',#2199,1.);
#1190=VECTOR('',#2200,1.);
#1191=VECTOR('',#2201,1.);
#1192=VECTOR('',#2204,1.);
#1193=VECTOR('',#2205,1.);
#1194=EDGE_LOOP('',(#58,#59,#60,#61));
#1195=EDGE_LOOP('',(#62,#63,#64,#65));
#1196=EDGE_LOOP('',(#66,#67,#68,#69));
#1197=EDGE_LOOP('',(#70,#71,#72,#73));
#1198=EDGE_LOOP('',(#74,#75,#76,#77));
#1199=EDGE_LOOP('',(#78,#79,#80,#81));
#1200=EDGE_LOOP('',(#82,#83,#84,#85));
#1201=EDGE_LOOP('',(#86,#87,#88,#89));
#1202=EDGE_LOOP('',(#90,#91,#92,#93));
#1203=EDGE_LOOP('',(#94));
#1204=EDGE_LOOP('',(#95));
#1205=EDGE_LOOP('',(#96,#97,#98,#99));
#1206=EDGE_LOOP('',(#100));
#1207=EDGE_LOOP('',(#101,#102,#103,#104));
#1208=EDGE_LOOP('',(#105));
#1209=EDGE_LOOP('',(#106,#107,#108,#109));
#1210=EDGE_LOOP('',(#110,#111,#112,#113));
#1211=EDGE_LOOP('',(#114,#115,#116,#117));
#1212=EDGE_LOOP('',(#118,#119,#120,#121));
#1213=EDGE_LOOP('',(#122,#123,#124,#125));
#1214=EDGE_LOOP('',(#126));
#1215=EDGE_LOOP('',(#127));
#1216=EDGE_LOOP('',(#128,#129,#130,#131));
#1217=EDGE_LOOP('',(#132));
#1218=EDGE_LOOP('',(#133,#134,#135,#136));
#1219=EDGE_LOOP('',(#137));
#1220=EDGE_LOOP('',(#138,#139,#140,#141));
#1221=EDGE_LOOP('',(#142,#143,#144,#145));
#1222=EDGE_LOOP('',(#146,#147,#148,#149));
#1223=EDGE_LOOP('',(#150,#151,#152,#153));
#1224=EDGE_LOOP('',(#154,#155,#156,#157));
#1225=EDGE_LOOP('',(#158,#159,#160,#161));
#1226=EDGE_LOOP('',(#162,#163,#164,#165));
#1227=EDGE_LOOP('',(#166,#167,#168,#169));
#1228=EDGE_LOOP('',(#170,#171,#172,#173,#174,#175));
#1229=EDGE_LOOP('',(#176,#177,#178,#179));
#1230=EDGE_LOOP('',(#180,#181,#182,#183));
#1231=EDGE_LOOP('',(#184,#185,#186,#187));
#1232=EDGE_LOOP('',(#188,#189,#190,#191,#192,#193,#194,#195));
#1233=EDGE_LOOP('',(#196,#197,#198,#199));
#1234=EDGE_LOOP('',(#200,#201,#202,#203));
#1235=EDGE_LOOP('',(#204,#205,#206,#207));
#1236=EDGE_LOOP('',(#208,#209,#210,#211));
#1237=EDGE_LOOP('',(#212,#213,#214,#215));
#1238=EDGE_LOOP('',(#216,#217,#218,#219,#220,#221));
#1239=EDGE_LOOP('',(#222,#223,#224,#225));
#1240=EDGE_LOOP('',(#226,#227,#228,#229,#230,#231,#232,#233));
#1241=EDGE_LOOP('',(#234,#235,#236,#237));
#1242=EDGE_LOOP('',(#238));
#1243=EDGE_LOOP('',(#239));
#1244=EDGE_LOOP('',(#240));
#1245=EDGE_LOOP('',(#241));
#1246=EDGE_LOOP('',(#242,#243,#244,#245,#246,#247,#248,#249));
#1247=EDGE_LOOP('',(#250,#251,#252,#253,#254,#255,#256,#257,#258,#259));
#1248=EDGE_LOOP('',(#260,#261,#262,#263));
#1249=EDGE_LOOP('',(#264,#265,#266,#267));
#1250=EDGE_LOOP('',(#268,#269,#270,#271));
#1251=EDGE_LOOP('',(#272,#273,#274,#275));
#1252=EDGE_LOOP('',(#276,#277,#278,#279));
#1253=EDGE_LOOP('',(#280,#281,#282,#283));
#1254=EDGE_LOOP('',(#284,#285,#286,#287,#288,#289));
#1255=EDGE_LOOP('',(#290));
#1256=EDGE_LOOP('',(#291));
#1257=EDGE_LOOP('',(#292));
#1258=EDGE_LOOP('',(#293));
#1259=EDGE_LOOP('',(#294));
#1260=EDGE_LOOP('',(#295));
#1261=EDGE_LOOP('',(#296));
#1262=EDGE_LOOP('',(#297));
#1263=EDGE_LOOP('',(#298));
#1264=EDGE_LOOP('',(#299));
#1265=EDGE_LOOP('',(#300));
#1266=EDGE_LOOP('',(#301));
#1267=EDGE_LOOP('',(#302,#303,#304,#305));
#1268=EDGE_LOOP('',(#306,#307,#308,#309));
#1269=EDGE_LOOP('',(#310,#311,#312,#313));
#1270=EDGE_LOOP('',(#314,#315,#316,#317));
#1271=EDGE_LOOP('',(#318,#319,#320,#321));
#1272=EDGE_LOOP('',(#322,#323,#324,#325));
#1273=EDGE_LOOP('',(#326,#327,#328,#329));
#1274=EDGE_LOOP('',(#330,#331,#332,#333));
#1275=EDGE_LOOP('',(#334,#335,#336,#337));
#1276=EDGE_LOOP('',(#338,#339,#340,#341));
#1277=EDGE_LOOP('',(#342,#343,#344,#345));
#1278=EDGE_LOOP('',(#346,#347,#348,#349));
#1279=EDGE_LOOP('',(#350,#351,#352,#353));
#1280=EDGE_LOOP('',(#354,#355,#356,#357));
#1281=EDGE_LOOP('',(#358,#359,#360,#361));
#1282=EDGE_LOOP('',(#362,#363,#364,#365));
#1283=EDGE_LOOP('',(#366,#367,#368,#369));
#1284=EDGE_LOOP('',(#370,#371,#372,#373));
#1285=EDGE_LOOP('',(#374,#375,#376,#377));
#1286=EDGE_LOOP('',(#378,#379,#380,#381));
#1287=EDGE_LOOP('',(#382,#383,#384,#385));
#1288=EDGE_LOOP('',(#386,#387,#388,#389));
#1289=EDGE_LOOP('',(#390,#391,#392,#393));
#1290=EDGE_LOOP('',(#394,#395,#396,#397));
#1291=EDGE_LOOP('',(#398,#399,#400,#401));
#1292=EDGE_LOOP('',(#402,#403,#404,#405));
#1293=EDGE_LOOP('',(#406,#407,#408,#409));
#1294=EDGE_LOOP('',(#410,#411,#412,#413));
#1295=EDGE_LOOP('',(#414,#415,#416,#417));
#1296=EDGE_LOOP('',(#418,#419,#420,#421));
#1297=EDGE_LOOP('',(#422,#423,#424,#425));
#1298=EDGE_LOOP('',(#426,#427,#428,#429));
#1299=EDGE_LOOP('',(#430,#431,#432,#433));
#1300=EDGE_LOOP('',(#434));
#1301=EDGE_LOOP('',(#435));
#1302=EDGE_LOOP('',(#436,#437,#438,#439));
#1303=EDGE_LOOP('',(#440));
#1304=EDGE_LOOP('',(#441,#442,#443,#444));
#1305=EDGE_LOOP('',(#445));
#1306=EDGE_LOOP('',(#446,#447,#448,#449));
#1307=EDGE_LOOP('',(#450,#451,#452,#453));
#1308=EDGE_LOOP('',(#454,#455,#456,#457));
#1309=EDGE_LOOP('',(#458,#459,#460,#461));
#1310=EDGE_LOOP('',(#462));
#1311=EDGE_LOOP('',(#463));
#1312=EDGE_LOOP('',(#464,#465,#466,#467));
#1313=EDGE_LOOP('',(#468));
#1314=EDGE_LOOP('',(#469,#470,#471,#472));
#1315=EDGE_LOOP('',(#473));
#1316=FACE_BOUND('',#1194,.T.);
#1317=FACE_BOUND('',#1195,.T.);
#1318=FACE_BOUND('',#1196,.T.);
#1319=FACE_BOUND('',#1197,.T.);
#1320=FACE_BOUND('',#1198,.T.);
#1321=FACE_BOUND('',#1199,.T.);
#1322=FACE_BOUND('',#1200,.T.);
#1323=FACE_BOUND('',#1201,.T.);
#1324=FACE_BOUND('',#1202,.T.);
#1325=FACE_BOUND('',#1203,.T.);
#1326=FACE_BOUND('',#1204,.T.);
#1327=FACE_BOUND('',#1205,.T.);
#1328=FACE_BOUND('',#1206,.T.);
#1329=FACE_BOUND('',#1207,.T.);
#1330=FACE_BOUND('',#1208,.T.);
#1331=FACE_BOUND('',#1209,.T.);
#1332=FACE_BOUND('',#1210,.T.);
#1333=FACE_BOUND('',#1211,.T.);
#1334=FACE_BOUND('',#1212,.T.);
#1335=FACE_BOUND('',#1213,.T.);
#1336=FACE_BOUND('',#1214,.T.);
#1337=FACE_BOUND('',#1215,.T.);
#1338=FACE_BOUND('',#1216,.T.);
#1339=FACE_BOUND('',#1217,.T.);
#1340=FACE_BOUND('',#1218,.T.);
#1341=FACE_BOUND('',#1219,.T.);
#1342=FACE_BOUND('',#1220,.T.);
#1343=FACE_BOUND('',#1221,.T.);
#1344=FACE_BOUND('',#1222,.T.);
#1345=FACE_BOUND('',#1223,.T.);
#1346=FACE_BOUND('',#1224,.T.);
#1347=FACE_BOUND('',#1225,.T.);
#1348=FACE_BOUND('',#1226,.T.);
#1349=FACE_BOUND('',#1227,.T.);
#1350=FACE_BOUND('',#1228,.T.);
#1351=FACE_BOUND('',#1229,.T.);
#1352=FACE_BOUND('',#1230,.T.);
#1353=FACE_BOUND('',#1231,.T.);
#1354=FACE_BOUND('',#1232,.T.);
#1355=FACE_BOUND('',#1233,.T.);
#1356=FACE_BOUND('',#1234,.T.);
#1357=FACE_BOUND('',#1235,.T.);
#1358=FACE_BOUND('',#1236,.T.);
#1359=FACE_BOUND('',#1237,.T.);
#1360=FACE_BOUND('',#1238,.T.);
#1361=FACE_BOUND('',#1239,.T.);
#1362=FACE_BOUND('',#1240,.T.);
#1363=FACE_BOUND('',#1241,.T.);
#1364=FACE_BOUND('',#1242,.T.);
#1365=FACE_BOUND('',#1243,.T.);
#1366=FACE_BOUND('',#1244,.T.);
#1367=FACE_BOUND('',#1245,.T.);
#1368=FACE_BOUND('',#1246,.T.);
#1369=FACE_BOUND('',#1247,.T.);
#1370=FACE_BOUND('',#1248,.T.);
#1371=FACE_BOUND('',#1249,.T.);
#1372=FACE_BOUND('',#1250,.T.);
#1373=FACE_BOUND('',#1251,.T.);
#1374=FACE_BOUND('',#1252,.T.);
#1375=FACE_BOUND('',#1253,.T.);
#1376=FACE_BOUND('',#1254,.T.);
#1377=FACE_BOUND('',#1255,.T.);
#1378=FACE_BOUND('',#1256,.T.);
#1379=FACE_BOUND('',#1257,.T.);
#1380=FACE_BOUND('',#1258,.T.);
#1381=FACE_BOUND('',#1259,.T.);
#1382=FACE_BOUND('',#1260,.T.);
#1383=FACE_BOUND('',#1261,.T.);
#1384=FACE_BOUND('',#1262,.T.);
#1385=FACE_BOUND('',#1263,.T.);
#1386=FACE_BOUND('',#1264,.T.);
#1387=FACE_BOUND('',#1265,.T.);
#1388=FACE_BOUND('',#1266,.T.);
#1389=FACE_BOUND('',#1267,.T.);
#1390=FACE_BOUND('',#1268,.T.);
#1391=FACE_BOUND('',#1269,.T.);
#1392=FACE_BOUND('',#1270,.T.);
#1393=FACE_BOUND('',#1271,.T.);
#1394=FACE_BOUND('',#1272,.T.);
#1395=FACE_BOUND('',#1273,.T.);
#1396=FACE_BOUND('',#1274,.T.);
#1397=FACE_BOUND('',#1275,.T.);
#1398=FACE_BOUND('',#1276,.T.);
#1399=FACE_BOUND('',#1277,.T.);
#1400=FACE_BOUND('',#1278,.T.);
#1401=FACE_BOUND('',#1279,.T.);
#1402=FACE_BOUND('',#1280,.T.);
#1403=FACE_BOUND('',#1281,.T.);
#1404=FACE_BOUND('',#1282,.T.);
#1405=FACE_BOUND('',#1283,.T.);
#1406=FACE_BOUND('',#1284,.T.);
#1407=FACE_BOUND('',#1285,.T.);
#1408=FACE_BOUND('',#1286,.T.);
#1409=FACE_BOUND('',#1287,.T.);
#1410=FACE_BOUND('',#1288,.T.);
#1411=FACE_BOUND('',#1289,.T.);
#1412=FACE_BOUND('',#1290,.T.);
#1413=FACE_BOUND('',#1291,.T.);
#1414=FACE_BOUND('',#1292,.T.);
#1415=FACE_BOUND('',#1293,.T.);
#1416=FACE_BOUND('',#1294,.T.);
#1417=FACE_BOUND('',#1295,.T.);
#1418=FACE_BOUND('',#1296,.T.);
#1419=FACE_BOUND('',#1297,.T.);
#1420=FACE_BOUND('',#1298,.T.);
#1421=FACE_BOUND('',#1299,.T.);
#1422=FACE_BOUND('',#1300,.T.);
#1423=FACE_BOUND('',#1301,.T.);
#1424=FACE_BOUND('',#1302,.T.);
#1425=FACE_BOUND('',#1303,.T.);
#1426=FACE_BOUND('',#1304,.T.);
#1427=FACE_BOUND('',#1305,.T.);
#1428=FACE_BOUND('',#1306,.T.);
#1429=FACE_BOUND('',#1307,.T.);
#1430=FACE_BOUND('',#1308,.T.);
#1431=FACE_BOUND('',#1309,.T.);
#1432=FACE_BOUND('',#1310,.T.);
#1433=FACE_BOUND('',#1311,.T.);
#1434=FACE_BOUND('',#1312,.T.);
#1435=FACE_BOUND('',#1313,.T.);
#1436=FACE_BOUND('',#1314,.T.);
#1437=FACE_BOUND('',#1315,.T.);
#1438=PLANE('',#1676);
#1439=PLANE('',#1677);
#1440=PLANE('',#1678);
#1441=PLANE('',#1679);
#1442=PLANE('',#1680);
#1443=PLANE('',#1681);
#1444=PLANE('',#1683);
#1445=PLANE('',#1684);
#1446=PLANE('',#1685);
#1447=PLANE('',#1689);
#1448=PLANE('',#1690);
#1449=PLANE('',#1691);
#1450=PLANE('',#1693);
#1451=PLANE('',#1694);
#1452=PLANE('',#1695);
#1453=PLANE('',#1696);
#1454=PLANE('',#1700);
#1455=PLANE('',#1701);
#1456=PLANE('',#1703);
#1457=PLANE('',#1704);
#1458=PLANE('',#1705);
#1459=PLANE('',#1706);
#1460=PLANE('',#1707);
#1461=PLANE('',#1708);
#1462=PLANE('',#1709);
#1463=PLANE('',#1710);
#1464=PLANE('',#1711);
#1465=PLANE('',#1712);
#1466=PLANE('',#1717);
#1467=PLANE('',#1726);
#1468=PLANE('',#1727);
#1469=PLANE('',#1728);
#1470=PLANE('',#1729);
#1471=PLANE('',#1730);
#1472=PLANE('',#1731);
#1473=PLANE('',#1732);
#1474=PLANE('',#1735);
#1475=PLANE('',#1738);
#1476=PLANE('',#1741);
#1477=PLANE('',#1744);
#1478=PLANE('',#1745);
#1479=PLANE('',#1746);
#1480=PLANE('',#1747);
#1481=PLANE('',#1748);
#1482=PLANE('',#1749);
#1483=PLANE('',#1750);
#1484=PLANE('',#1751);
#1485=PLANE('',#1752);
#1486=PLANE('',#1753);
#1487=PLANE('',#1754);
#1488=PLANE('',#1755);
#1489=PLANE('',#1756);
#1490=PLANE('',#1757);
#1491=PLANE('',#1758);
#1492=PLANE('',#1759);
#1493=PLANE('',#1760);
#1494=PLANE('',#1761);
#1495=PLANE('',#1762);
#1496=PLANE('',#1763);
#1497=PLANE('',#1764);
#1498=PLANE('',#1765);
#1499=PLANE('',#1766);
#1500=PLANE('',#1767);
#1501=PLANE('',#1768);
#1502=PLANE('',#1769);
#1503=PLANE('',#1775);
#1504=PLANE('',#1776);
#1505=PLANE('',#1777);
#1506=PLANE('',#1778);
#1507=PLANE('',#1782);
#1508=PLANE('',#1783);
#1509=PLANE('',#1785);
#1510=PLANE('',#1786);
#1511=PLANE('',#1787);
#1512=PLANE('',#1788);
#1513=PLANE('',#1792);
#1514=PLANE('',#1793);
#1515=ADVANCED_FACE('',(#1316),#1438,.T.);
#1516=ADVANCED_FACE('',(#1317),#1439,.F.);
#1517=ADVANCED_FACE('',(#1318),#1440,.F.);
#1518=ADVANCED_FACE('',(#1319),#1441,.T.);
#1519=ADVANCED_FACE('',(#1320),#1442,.T.);
#1520=ADVANCED_FACE('',(#1321),#1443,.F.);
#1521=ADVANCED_FACE('',(#1322),#1444,.T.);
#1522=ADVANCED_FACE('',(#1323),#1445,.T.);
#1523=ADVANCED_FACE('',(#1324),#1446,.F.);
#1524=ADVANCED_FACE('',(#1325,#1326),#34,.F.);
#1525=ADVANCED_FACE('',(#1327),#1447,.T.);
#1526=ADVANCED_FACE('',(#1328,#1329),#1448,.F.);
#1527=ADVANCED_FACE('',(#1330,#1331),#1449,.T.);
#1528=ADVANCED_FACE('',(#1332),#1450,.F.);
#1529=ADVANCED_FACE('',(#1333),#1451,.T.);
#1530=ADVANCED_FACE('',(#1334),#1452,.T.);
#1531=ADVANCED_FACE('',(#1335),#1453,.F.);
#1532=ADVANCED_FACE('',(#1336,#1337),#35,.F.);
#1533=ADVANCED_FACE('',(#1338,#1339),#1454,.F.);
#1534=ADVANCED_FACE('',(#1340,#1341),#1455,.T.);
#1535=ADVANCED_FACE('',(#1342,#1343),#1456,.T.);
#1536=ADVANCED_FACE('',(#1344,#1345),#1457,.F.);
#1537=ADVANCED_FACE('',(#1346,#1347,#1348,#1349),#1458,.F.);
#1538=ADVANCED_FACE('',(#1350,#1351,#1352,#1353),#1459,.T.);
#1539=ADVANCED_FACE('',(#1354,#1355),#1460,.F.);
#1540=ADVANCED_FACE('',(#1356,#1357),#1461,.T.);
#1541=ADVANCED_FACE('',(#1358,#1359),#1462,.T.);
#1542=ADVANCED_FACE('',(#1360),#1463,.F.);
#1543=ADVANCED_FACE('',(#1361),#1464,.T.);
#1544=ADVANCED_FACE('',(#1362,#1363),#1465,.T.);
#1545=ADVANCED_FACE('',(#1364,#1365,#1366,#1367,#1368,#1369),#1466,.F.);
#1546=ADVANCED_FACE('',(#1370),#1467,.F.);
#1547=ADVANCED_FACE('',(#1371),#1468,.T.);
#1548=ADVANCED_FACE('',(#1372),#1469,.T.);
#1549=ADVANCED_FACE('',(#1373),#1470,.F.);
#1550=ADVANCED_FACE('',(#1374),#1471,.F.);
#1551=ADVANCED_FACE('',(#1375),#1472,.F.);
#1552=ADVANCED_FACE('',(#1376),#1473,.T.);
#1553=ADVANCED_FACE('',(#1377,#1378),#36,.F.);
#1554=ADVANCED_FACE('',(#1379),#1474,.T.);
#1555=ADVANCED_FACE('',(#1380,#1381),#37,.F.);
#1556=ADVANCED_FACE('',(#1382),#1475,.T.);
#1557=ADVANCED_FACE('',(#1383,#1384),#38,.F.);
#1558=ADVANCED_FACE('',(#1385),#1476,.T.);
#1559=ADVANCED_FACE('',(#1386,#1387),#39,.F.);
#1560=ADVANCED_FACE('',(#1388),#1477,.T.);
#1561=ADVANCED_FACE('',(#1389),#1478,.T.);
#1562=ADVANCED_FACE('',(#1390),#1479,.T.);
#1563=ADVANCED_FACE('',(#1391),#1480,.F.);
#1564=ADVANCED_FACE('',(#1392),#1481,.F.);
#1565=ADVANCED_FACE('',(#1393),#1482,.T.);
#1566=ADVANCED_FACE('',(#1394),#1483,.T.);
#1567=ADVANCED_FACE('',(#1395),#1484,.F.);
#1568=ADVANCED_FACE('',(#1396),#1485,.F.);
#1569=ADVANCED_FACE('',(#1397),#1486,.T.);
#1570=ADVANCED_FACE('',(#1398),#1487,.T.);
#1571=ADVANCED_FACE('',(#1399),#1488,.F.);
#1572=ADVANCED_FACE('',(#1400),#1489,.F.);
#1573=ADVANCED_FACE('',(#1401),#1490,.T.);
#1574=ADVANCED_FACE('',(#1402),#1491,.T.);
#1575=ADVANCED_FACE('',(#1403),#1492,.F.);
#1576=ADVANCED_FACE('',(#1404),#1493,.F.);
#1577=ADVANCED_FACE('',(#1405),#1494,.T.);
#1578=ADVANCED_FACE('',(#1406),#1495,.T.);
#1579=ADVANCED_FACE('',(#1407),#1496,.F.);
#1580=ADVANCED_FACE('',(#1408),#1497,.F.);
#1581=ADVANCED_FACE('',(#1409),#1498,.T.);
#1582=ADVANCED_FACE('',(#1410),#1499,.T.);
#1583=ADVANCED_FACE('',(#1411),#1500,.F.);
#1584=ADVANCED_FACE('',(#1412),#1501,.F.);
#1585=ADVANCED_FACE('',(#1413),#1502,.T.);
#1586=ADVANCED_FACE('',(#1414),#40,.T.);
#1587=ADVANCED_FACE('',(#1415),#41,.T.);
#1588=ADVANCED_FACE('',(#1416),#42,.T.);
#1589=ADVANCED_FACE('',(#1417),#43,.T.);
#1590=ADVANCED_FACE('',(#1418),#1503,.F.);
#1591=ADVANCED_FACE('',(#1419),#1504,.F.);
#1592=ADVANCED_FACE('',(#1420),#1505,.T.);
#1593=ADVANCED_FACE('',(#1421),#1506,.F.);
#1594=ADVANCED_FACE('',(#1422,#1423),#44,.F.);
#1595=ADVANCED_FACE('',(#1424,#1425),#1507,.F.);
#1596=ADVANCED_FACE('',(#1426,#1427),#1508,.T.);
#1597=ADVANCED_FACE('',(#1428),#1509,.F.);
#1598=ADVANCED_FACE('',(#1429),#1510,.F.);
#1599=ADVANCED_FACE('',(#1430),#1511,.T.);
#1600=ADVANCED_FACE('',(#1431),#1512,.T.);
#1601=ADVANCED_FACE('',(#1432,#1433),#45,.F.);
#1602=ADVANCED_FACE('',(#1434,#1435),#1513,.F.);
#1603=ADVANCED_FACE('',(#1436,#1437),#1514,.T.);
#1604=CLOSED_SHELL('',(#1515,#1516,#1517,#1518,#1519,#1520));
#1605=CLOSED_SHELL('',(#1521,#1522,#1523,#1524,#1525,#1526,#1527));
#1606=CLOSED_SHELL('',(#1528,#1529,#1530,#1531,#1532,#1533,#1534));
#1607=CLOSED_SHELL('',(#1535,#1536,#1537,#1538,#1539,#1540,#1541,#1542,
#1543,#1544,#1545,#1546,#1547,#1548,#1549,#1550,#1551,#1552,#1553,#1554,
#1555,#1556,#1557,#1558,#1559,#1560,#1561,#1562,#1563,#1564,#1565,#1566,
#1567,#1568,#1569,#1570,#1571,#1572,#1573,#1574,#1575,#1576,#1577,#1578,
#1579,#1580,#1581,#1582,#1583,#1584,#1585,#1586,#1587,#1588,#1589));
#1608=CLOSED_SHELL('',(#1590,#1591,#1592,#1593,#1594,#1595,#1596));
#1609=CLOSED_SHELL('',(#1597,#1598,#1599,#1600,#1601,#1602,#1603));
#1610=STYLED_ITEM('',(#1616),#1657);
#1611=STYLED_ITEM('',(#1617),#1658);
#1612=STYLED_ITEM('',(#1618),#1659);
#1613=STYLED_ITEM('',(#1619),#1660);
#1614=STYLED_ITEM('',(#1620),#1661);
#1615=STYLED_ITEM('',(#1621),#1662);
#1616=PRESENTATION_STYLE_ASSIGNMENT((#1622));
#1617=PRESENTATION_STYLE_ASSIGNMENT((#1623));
#1618=PRESENTATION_STYLE_ASSIGNMENT((#1624));
#1619=PRESENTATION_STYLE_ASSIGNMENT((#1625));
#1620=PRESENTATION_STYLE_ASSIGNMENT((#1626));
#1621=PRESENTATION_STYLE_ASSIGNMENT((#1627));
#1622=SURFACE_STYLE_USAGE(.BOTH.,#1628);
#1623=SURFACE_STYLE_USAGE(.BOTH.,#1629);
#1624=SURFACE_STYLE_USAGE(.BOTH.,#1630);
#1625=SURFACE_STYLE_USAGE(.BOTH.,#1631);
#1626=SURFACE_STYLE_USAGE(.BOTH.,#1632);
#1627=SURFACE_STYLE_USAGE(.BOTH.,#1633);
#1628=SURFACE_SIDE_STYLE('',(#1634));
#1629=SURFACE_SIDE_STYLE('',(#1635));
#1630=SURFACE_SIDE_STYLE('',(#1636));
#1631=SURFACE_SIDE_STYLE('',(#1637));
#1632=SURFACE_SIDE_STYLE('',(#1638));
#1633=SURFACE_SIDE_STYLE('',(#1639));
#1634=SURFACE_STYLE_FILL_AREA(#1640);
#1635=SURFACE_STYLE_FILL_AREA(#1641);
#1636=SURFACE_STYLE_FILL_AREA(#1642);
#1637=SURFACE_STYLE_FILL_AREA(#1643);
#1638=SURFACE_STYLE_FILL_AREA(#1644);
#1639=SURFACE_STYLE_FILL_AREA(#1645);
#1640=FILL_AREA_STYLE('',(#1646));
#1641=FILL_AREA_STYLE('',(#1647));
#1642=FILL_AREA_STYLE('',(#1648));
#1643=FILL_AREA_STYLE('',(#1649));
#1644=FILL_AREA_STYLE('',(#1650));
#1645=FILL_AREA_STYLE('',(#1651));
#1646=FILL_AREA_STYLE_COLOUR('',#1652);
#1647=FILL_AREA_STYLE_COLOUR('',#1653);
#1648=FILL_AREA_STYLE_COLOUR('',#1654);
#1649=FILL_AREA_STYLE_COLOUR('',#1652);
#1650=FILL_AREA_STYLE_COLOUR('',#1655);
#1651=FILL_AREA_STYLE_COLOUR('',#1656);
#1652=COLOUR_RGB('',0.615686274509804,0.811764705882353,0.929411764705882);
#1653=COLOUR_RGB('',0.768627450980392,0.886274509803922,0.952941176470588);
#1654=COLOUR_RGB('',0.231372549019608,0.380392156862745,0.705882352941177);
#1655=COLOUR_RGB('',0.647058823529412,0.647058823529412,0.647058823529412);
#1656=COLOUR_RGB('',0.917647058823529,0.917647058823529,0.917647058823529);
#1657=MANIFOLD_SOLID_BREP('Part 1',#1604);
#1658=MANIFOLD_SOLID_BREP('Part 6',#1605);
#1659=MANIFOLD_SOLID_BREP('Part 4',#1606);
#1660=MANIFOLD_SOLID_BREP('Part 2',#1607);
#1661=MANIFOLD_SOLID_BREP('Part 3',#1608);
#1662=MANIFOLD_SOLID_BREP('Part 5',#1609);
#1663=SHAPE_DEFINITION_REPRESENTATION(#2699,#1669);
#1664=SHAPE_DEFINITION_REPRESENTATION(#2700,#1670);
#1665=SHAPE_DEFINITION_REPRESENTATION(#2701,#1671);
#1666=SHAPE_DEFINITION_REPRESENTATION(#2702,#1672);
#1667=SHAPE_DEFINITION_REPRESENTATION(#2703,#1673);
#1668=SHAPE_DEFINITION_REPRESENTATION(#2704,#1674);
#1669=SHAPE_REPRESENTATION('Part 1',(#1675),#2669);
#1670=SHAPE_REPRESENTATION('Part 6',(#1682),#2670);
#1671=SHAPE_REPRESENTATION('Part 4',(#1692),#2671);
#1672=SHAPE_REPRESENTATION('Part 2',(#1702),#2672);
#1673=SHAPE_REPRESENTATION('Part 3',(#1774),#2673);
#1674=SHAPE_REPRESENTATION('Part 5',(#1784),#2674);
#1675=AXIS2_PLACEMENT_3D('',#2216,#1794,#1795);
#1676=AXIS2_PLACEMENT_3D('',#2217,#1796,#1797);
#1677=AXIS2_PLACEMENT_3D('',#2226,#1802,#1803);
#1678=AXIS2_PLACEMENT_3D('',#2232,#1807,#1808);
#1679=AXIS2_PLACEMENT_3D('',#2238,#1812,#1813);
#1680=AXIS2_PLACEMENT_3D('',#2241,#1816,#1817);
#1681=AXIS2_PLACEMENT_3D('',#2242,#1818,#1819);
#1682=AXIS2_PLACEMENT_3D('',#2243,#1820,#1821);
#1683=AXIS2_PLACEMENT_3D('',#2244,#1822,#1823);
#1684=AXIS2_PLACEMENT_3D('',#2253,#1828,#1829);
#1685=AXIS2_PLACEMENT_3D('',#2259,#1833,#1834);
#1686=AXIS2_PLACEMENT_3D('',#2265,#1838,#1839);
#1687=AXIS2_PLACEMENT_3D('',#2266,#1840,#1841);
#1688=AXIS2_PLACEMENT_3D('',#2268,#1842,#1843);
#1689=AXIS2_PLACEMENT_3D('',#2270,#1844,#1845);
#1690=AXIS2_PLACEMENT_3D('',#2273,#1848,#1849);
#1691=AXIS2_PLACEMENT_3D('',#2274,#1850,#1851);
#1692=AXIS2_PLACEMENT_3D('',#2275,#1852,#1853);
#1693=AXIS2_PLACEMENT_3D('',#2276,#1854,#1855);
#1694=AXIS2_PLACEMENT_3D('',#2285,#1860,#1861);
#1695=AXIS2_PLACEMENT_3D('',#2291,#1865,#1866);
#1696=AXIS2_PLACEMENT_3D('',#2297,#1870,#1871);
#1697=AXIS2_PLACEMENT_3D('',#2300,#1874,#1875);
#1698=AXIS2_PLACEMENT_3D('',#2301,#1876,#1877);
#1699=AXIS2_PLACEMENT_3D('',#2303,#1878,#1879);
#1700=AXIS2_PLACEMENT_3D('',#2305,#1880,#1881);
#1701=AXIS2_PLACEMENT_3D('',#2306,#1882,#1883);
#1702=AXIS2_PLACEMENT_3D('',#2307,#1884,#1885);
#1703=AXIS2_PLACEMENT_3D('',#2308,#1886,#1887);
#1704=AXIS2_PLACEMENT_3D('',#2325,#1896,#1897);
#1705=AXIS2_PLACEMENT_3D('',#2342,#1906,#1907);
#1706=AXIS2_PLACEMENT_3D('',#2375,#1924,#1925);
#1707=AXIS2_PLACEMENT_3D('',#2409,#1943,#1944);
#1708=AXIS2_PLACEMENT_3D('',#2431,#1956,#1957);
#1709=AXIS2_PLACEMENT_3D('',#2448,#1966,#1967);
#1710=AXIS2_PLACEMENT_3D('',#2465,#1976,#1977);
#1711=AXIS2_PLACEMENT_3D('',#2472,#1982,#1983);
#1712=AXIS2_PLACEMENT_3D('',#2481,#1988,#1989);
#1713=AXIS2_PLACEMENT_3D('',#2482,#1990,#1991);
#1714=AXIS2_PLACEMENT_3D('',#2483,#1992,#1993);
#1715=AXIS2_PLACEMENT_3D('',#2484,#1994,#1995);
#1716=AXIS2_PLACEMENT_3D('',#2485,#1996,#1997);
#1717=AXIS2_PLACEMENT_3D('',#2486,#1998,#1999);
#1718=AXIS2_PLACEMENT_3D('',#2487,#2000,#2001);
#1719=AXIS2_PLACEMENT_3D('',#2489,#2002,#2003);
#1720=AXIS2_PLACEMENT_3D('',#2491,#2004,#2005);
#1721=AXIS2_PLACEMENT_3D('',#2493,#2006,#2007);
#1722=AXIS2_PLACEMENT_3D('',#2495,#2008,#2009);
#1723=AXIS2_PLACEMENT_3D('',#2496,#2010,#2011);
#1724=AXIS2_PLACEMENT_3D('',#2497,#2012,#2013);
#1725=AXIS2_PLACEMENT_3D('',#2498,#2014,#2015);
#1726=AXIS2_PLACEMENT_3D('',#2506,#2021,#2022);
#1727=AXIS2_PLACEMENT_3D('',#2510,#2025,#2026);
#1728=AXIS2_PLACEMENT_3D('',#2512,#2028,#2029);
#1729=AXIS2_PLACEMENT_3D('',#2513,#2030,#2031);
#1730=AXIS2_PLACEMENT_3D('',#2517,#2034,#2035);
#1731=AXIS2_PLACEMENT_3D('',#2519,#2037,#2038);
#1732=AXIS2_PLACEMENT_3D('',#2521,#2040,#2041);
#1733=AXIS2_PLACEMENT_3D('',#2522,#2042,#2043);
#1734=AXIS2_PLACEMENT_3D('',#2523,#2044,#2045);
#1735=AXIS2_PLACEMENT_3D('',#2525,#2046,#2047);
#1736=AXIS2_PLACEMENT_3D('',#2526,#2048,#2049);
#1737=AXIS2_PLACEMENT_3D('',#2527,#2050,#2051);
#1738=AXIS2_PLACEMENT_3D('',#2529,#2052,#2053);
#1739=AXIS2_PLACEMENT_3D('',#2530,#2054,#2055);
#1740=AXIS2_PLACEMENT_3D('',#2531,#2056,#2057);
#1741=AXIS2_PLACEMENT_3D('',#2533,#2058,#2059);
#1742=AXIS2_PLACEMENT_3D('',#2534,#2060,#2061);
#1743=AXIS2_PLACEMENT_3D('',#2535,#2062,#2063);
#1744=AXIS2_PLACEMENT_3D('',#2537,#2064,#2065);
#1745=AXIS2_PLACEMENT_3D('',#2538,#2066,#2067);
#1746=AXIS2_PLACEMENT_3D('',#2547,#2072,#2073);
#1747=AXIS2_PLACEMENT_3D('',#2550,#2076,#2077);
#1748=AXIS2_PLACEMENT_3D('',#2552,#2079,#2080);
#1749=AXIS2_PLACEMENT_3D('',#2554,#2082,#2083);
#1750=AXIS2_PLACEMENT_3D('',#2555,#2084,#2085);
#1751=AXIS2_PLACEMENT_3D('',#2558,#2088,#2089);
#1752=AXIS2_PLACEMENT_3D('',#2560,#2091,#2092);
#1753=AXIS2_PLACEMENT_3D('',#2562,#2094,#2095);
#1754=AXIS2_PLACEMENT_3D('',#2563,#2096,#2097);
#1755=AXIS2_PLACEMENT_3D('',#2566,#2100,#2101);
#1756=AXIS2_PLACEMENT_3D('',#2568,#2103,#2104);
#1757=AXIS2_PLACEMENT_3D('',#2570,#2106,#2107);
#1758=AXIS2_PLACEMENT_3D('',#2571,#2108,#2109);
#1759=AXIS2_PLACEMENT_3D('',#2574,#2112,#2113);
#1760=AXIS2_PLACEMENT_3D('',#2576,#2115,#2116);
#1761=AXIS2_PLACEMENT_3D('',#2578,#2118,#2119);
#1762=AXIS2_PLACEMENT_3D('',#2579,#2120,#2121);
#1763=AXIS2_PLACEMENT_3D('',#2582,#2124,#2125);
#1764=AXIS2_PLACEMENT_3D('',#2584,#2127,#2128);
#1765=AXIS2_PLACEMENT_3D('',#2586,#2130,#2131);
#1766=AXIS2_PLACEMENT_3D('',#2587,#2132,#2133);
#1767=AXIS2_PLACEMENT_3D('',#2590,#2136,#2137);
#1768=AXIS2_PLACEMENT_3D('',#2592,#2139,#2140);
#1769=AXIS2_PLACEMENT_3D('',#2594,#2142,#2143);
#1770=AXIS2_PLACEMENT_3D('',#2595,#2144,#2145);
#1771=AXIS2_PLACEMENT_3D('',#2596,#2146,#2147);
#1772=AXIS2_PLACEMENT_3D('',#2597,#2148,#2149);
#1773=AXIS2_PLACEMENT_3D('',#2598,#2150,#2151);
#1774=AXIS2_PLACEMENT_3D('',#2599,#2152,#2153);
#1775=AXIS2_PLACEMENT_3D('',#2600,#2154,#2155);
#1776=AXIS2_PLACEMENT_3D('',#2609,#2160,#2161);
#1777=AXIS2_PLACEMENT_3D('',#2615,#2165,#2166);
#1778=AXIS2_PLACEMENT_3D('',#2621,#2170,#2171);
#1779=AXIS2_PLACEMENT_3D('',#2624,#2174,#2175);
#1780=AXIS2_PLACEMENT_3D('',#2625,#2176,#2177);
#1781=AXIS2_PLACEMENT_3D('',#2627,#2178,#2179);
#1782=AXIS2_PLACEMENT_3D('',#2629,#2180,#2181);
#1783=AXIS2_PLACEMENT_3D('',#2630,#2182,#2183);
#1784=AXIS2_PLACEMENT_3D('',#2631,#2184,#2185);
#1785=AXIS2_PLACEMENT_3D('',#2632,#2186,#2187);
#1786=AXIS2_PLACEMENT_3D('',#2641,#2192,#2193);
#1787=AXIS2_PLACEMENT_3D('',#2647,#2197,#2198);
#1788=AXIS2_PLACEMENT_3D('',#2653,#2202,#2203);
#1789=AXIS2_PLACEMENT_3D('',#2656,#2206,#2207);
#1790=AXIS2_PLACEMENT_3D('',#2657,#2208,#2209);
#1791=AXIS2_PLACEMENT_3D('',#2659,#2210,#2211);
#1792=AXIS2_PLACEMENT_3D('',#2661,#2212,#2213);
#1793=AXIS2_PLACEMENT_3D('',#2662,#2214,#2215);
#1794=DIRECTION('',(0.,0.,1.));
#1795=DIRECTION('',(1.,0.,0.));
#1796=DIRECTION('',(-1.,0.,0.));
#1797=DIRECTION('',(0.,0.,1.));
#1798=DIRECTION('',(0.,0.,1.));
#1799=DIRECTION('',(0.,1.,0.));
#1800=DIRECTION('',(0.,0.,1.));
#1801=DIRECTION('',(0.,1.,0.));
#1802=DIRECTION('',(0.,0.,1.));
#1803=DIRECTION('',(1.,0.,0.));
#1804=DIRECTION('',(1.,0.,0.));
#1805=DIRECTION('',(0.,1.,0.));
#1806=DIRECTION('',(1.,0.,0.));
#1807=DIRECTION('',(-1.,0.,0.));
#1808=DIRECTION('',(0.,0.,1.));
#1809=DIRECTION('',(0.,0.,1.));
#1810=DIRECTION('',(0.,1.,0.));
#1811=DIRECTION('',(0.,0.,1.));
#1812=DIRECTION('',(0.,0.,1.));
#1813=DIRECTION('',(1.,0.,0.));
#1814=DIRECTION('',(1.,0.,0.));
#1815=DIRECTION('',(1.,0.,0.));
#1816=DIRECTION('',(0.,-1.,0.));
#1817=DIRECTION('',(1.,0.,0.));
#1818=DIRECTION('',(0.,-1.,0.));
#1819=DIRECTION('',(1.,0.,0.));
#1820=DIRECTION('',(0.,0.,1.));
#1821=DIRECTION('',(1.,0.,0.));
#1822=DIRECTION('',(1.,0.,0.));
#1823=DIRECTION('',(0.,0.,-1.));
#1824=DIRECTION('',(0.,0.,1.));
#1825=DIRECTION('',(0.,-1.,0.));
#1826=DIRECTION('',(0.,0.,1.));
#1827=DIRECTION('',(0.,-1.,0.));
#1828=DIRECTION('',(0.,0.,1.));
#1829=DIRECTION('',(1.,0.,0.));
#1830=DIRECTION('',(-1.,0.,0.));
#1831=DIRECTION('',(-1.,0.,0.));
#1832=DIRECTION('',(0.,-1.,0.));
#1833=DIRECTION('',(1.,0.,1.60776492243841E-16));
#1834=DIRECTION('',(1.60776492243841E-16,0.,-1.));
#1835=DIRECTION('',(-1.60776492243841E-16,0.,1.));
#1836=DIRECTION('',(-1.60776492243841E-16,0.,1.));
#1837=DIRECTION('',(0.,-1.,0.));
#1838=DIRECTION('',(0.,-1.,0.));
#1839=DIRECTION('',(0.,0.,-1.));
#1840=DIRECTION('',(0.,-1.,0.));
#1841=DIRECTION('',(0.,0.,-1.));
#1842=DIRECTION('',(0.,-1.,0.));
#1843=DIRECTION('',(0.,0.,-1.));
#1844=DIRECTION('',(0.,0.,-1.));
#1845=DIRECTION('',(-1.,0.,0.));
#1846=DIRECTION('',(1.,0.,0.));
#1847=DIRECTION('',(1.,0.,0.));
#1848=DIRECTION('',(0.,-1.,0.));
#1849=DIRECTION('',(1.,0.,0.));
#1850=DIRECTION('',(0.,-1.,0.));
#1851=DIRECTION('',(1.,0.,0.));
#1852=DIRECTION('',(0.,0.,1.));
#1853=DIRECTION('',(1.,0.,0.));
#1854=DIRECTION('',(-1.,0.,0.));
#1855=DIRECTION('',(0.,0.,1.));
#1856=DIRECTION('',(0.,0.,-1.));
#1857=DIRECTION('',(0.,-1.,0.));
#1858=DIRECTION('',(0.,0.,-1.));
#1859=DIRECTION('',(0.,-1.,0.));
#1860=DIRECTION('',(0.,0.,1.));
#1861=DIRECTION('',(1.,0.,0.));
#1862=DIRECTION('',(-1.,0.,0.));
#1863=DIRECTION('',(-1.,0.,0.));
#1864=DIRECTION('',(0.,-1.,0.));
#1865=DIRECTION('',(-1.,0.,-3.85494105772624E-16));
#1866=DIRECTION('',(-3.85494105772624E-16,0.,1.));
#1867=DIRECTION('',(3.85494105772624E-16,0.,-1.));
#1868=DIRECTION('',(3.85494105772624E-16,0.,-1.));
#1869=DIRECTION('',(0.,-1.,0.));
#1870=DIRECTION('',(0.,0.,1.));
#1871=DIRECTION('',(1.,0.,0.));
#1872=DIRECTION('',(-1.,0.,0.));
#1873=DIRECTION('',(-1.,0.,0.));
#1874=DIRECTION('',(0.,-1.,0.));
#1875=DIRECTION('',(0.,0.,-1.));
#1876=DIRECTION('',(0.,-1.,0.));
#1877=DIRECTION('',(0.,0.,-1.));
#1878=DIRECTION('',(0.,-1.,0.));
#1879=DIRECTION('',(0.,0.,-1.));
#1880=DIRECTION('',(0.,-1.,0.));
#1881=DIRECTION('',(1.,0.,0.));
#1882=DIRECTION('',(0.,-1.,0.));
#1883=DIRECTION('',(1.,0.,0.));
#1884=DIRECTION('',(0.,0.,1.));
#1885=DIRECTION('',(1.,0.,0.));
#1886=DIRECTION('',(0.,0.,1.));
#1887=DIRECTION('',(1.,0.,0.));
#1888=DIRECTION('',(0.,1.,0.));
#1889=DIRECTION('',(1.,0.,0.));
#1890=DIRECTION('',(0.,1.,0.));
#1891=DIRECTION('',(1.,0.,0.));
#1892=DIRECTION('',(0.,-1.,0.));
#1893=DIRECTION('',(-1.,0.,0.));
#1894=DIRECTION('',(0.,-1.,0.));
#1895=DIRECTION('',(-1.,0.,0.));
#1896=DIRECTION('',(0.,0.,1.));
#1897=DIRECTION('',(1.,0.,0.));
#1898=DIRECTION('',(1.,0.,0.));
#1899=DIRECTION('',(0.,1.,0.));
#1900=DIRECTION('',(1.,0.,0.));
#1901=DIRECTION('',(0.,1.,0.));
#1902=DIRECTION('',(-1.,0.,0.));
#1903=DIRECTION('',(0.,-1.,0.));
#1904=DIRECTION('',(-1.,0.,0.));
#1905=DIRECTION('',(0.,-1.,0.));
#1906=DIRECTION('',(-1.,0.,-1.94503913031584E-16));
#1907=DIRECTION('',(-1.94503913031584E-16,0.,1.));
#1908=DIRECTION('',(1.94503913031584E-16,2.89120579329469E-16,-1.));
#1909=DIRECTION('',(0.,-1.,0.));
#1910=DIRECTION('',(1.94503913031584E-16,0.,-1.));
#1911=DIRECTION('',(0.,-1.,0.));
#1912=DIRECTION('',(-1.94503913031584E-16,0.,1.));
#1913=DIRECTION('',(0.,1.,0.));
#1914=DIRECTION('',(-1.94503913031584E-16,0.,1.));
#1915=DIRECTION('',(0.,1.,0.));
#1916=DIRECTION('',(1.94503913031584E-16,2.89120579329469E-16,-1.));
#1917=DIRECTION('',(0.,-1.,0.));
#1918=DIRECTION('',(1.94503913031584E-16,0.,-1.));
#1919=DIRECTION('',(0.,-1.,0.));
#1920=DIRECTION('',(1.94503913031584E-16,5.78241158658937E-16,-1.));
#1921=DIRECTION('',(0.,-1.,0.));
#1922=DIRECTION('',(1.94503913031584E-16,0.,-1.));
#1923=DIRECTION('',(0.,-1.,0.));
#1924=DIRECTION('',(-1.,0.,0.));
#1925=DIRECTION('',(0.,0.,1.));
#1926=DIRECTION('',(0.,0.,1.));
#1927=DIRECTION('',(0.,-1.,0.));
#1928=DIRECTION('',(0.,0.,1.));
#1929=DIRECTION('',(0.,0.,1.));
#1930=DIRECTION('',(0.,1.,0.));
#1931=DIRECTION('',(0.,-1.,0.));
#1932=DIRECTION('',(1.94503913031584E-16,2.89120579329469E-16,-1.));
#1933=DIRECTION('',(0.,-1.,0.));
#1934=DIRECTION('',(1.94503913031584E-16,0.,-1.));
#1935=DIRECTION('',(0.,-1.,0.));
#1936=DIRECTION('',(1.94503913031584E-16,2.89120579329469E-16,-1.));
#1937=DIRECTION('',(0.,-1.,0.));
#1938=DIRECTION('',(1.94503913031584E-16,0.,-1.));
#1939=DIRECTION('',(0.,-1.,0.));
#1940=DIRECTION('',(1.94503913031584E-16,5.78241158658937E-16,-1.));
#1941=DIRECTION('',(0.,-1.,0.));
#1942=DIRECTION('',(1.94503913031584E-16,0.,-1.));
#1943=DIRECTION('',(0.,0.,1.));
#1944=DIRECTION('',(1.,0.,0.));
#1945=DIRECTION('',(0.,-1.,0.));
#1946=DIRECTION('',(1.,0.,0.));
#1947=DIRECTION('',(1.,0.,0.));
#1948=DIRECTION('',(0.,1.,0.));
#1949=DIRECTION('',(1.,0.,0.));
#1950=DIRECTION('',(0.,-1.,0.));
#1951=DIRECTION('',(1.,0.,0.));
#1952=DIRECTION('',(1.,0.,0.));
#1953=DIRECTION('',(0.,-1.,0.));
#1954=DIRECTION('',(1.,3.05311331771918E-16,0.));
#1955=DIRECTION('',(1.93823852064448E-16,-1.,0.));
#1956=DIRECTION('',(0.,0.,1.));
#1957=DIRECTION('',(1.,0.,0.));
#1958=DIRECTION('',(1.,0.,0.));
#1959=DIRECTION('',(0.,1.,0.));
#1960=DIRECTION('',(1.,0.,0.));
#1961=DIRECTION('',(0.,1.,0.));
#1962=DIRECTION('',(0.,-1.,0.));
#1963=DIRECTION('',(1.,0.,0.));
#1964=DIRECTION('',(1.93823852064448E-16,-1.,0.));
#1965=DIRECTION('',(1.,3.05311331771918E-16,0.));
#1966=DIRECTION('',(-1.23239803635749E-16,0.,1.));
#1967=DIRECTION('',(1.,0.,1.23239803635749E-16));
#1968=DIRECTION('',(-1.,0.,-1.23239803635749E-16));
#1969=DIRECTION('',(0.,-1.,0.));
#1970=DIRECTION('',(-1.,0.,-1.23239803635749E-16));
#1971=DIRECTION('',(0.,-1.,0.));
#1972=DIRECTION('',(0.,-1.,0.));
#1973=DIRECTION('',(1.,0.,1.23239803635749E-16));
#1974=DIRECTION('',(1.93823852064448E-16,-1.,2.3886813468347E-32));
#1975=DIRECTION('',(1.,3.05311331771918E-16,1.23239803635749E-16));
#1976=DIRECTION('',(-1.,0.,0.));
#1977=DIRECTION('',(0.,0.,1.));
#1978=DIRECTION('',(0.,-1.,0.));
#1979=DIRECTION('',(0.,0.,1.));
#1980=DIRECTION('',(0.,0.,1.));
#1981=DIRECTION('',(0.,0.,1.));
#1982=DIRECTION('',(-1.,0.,0.));
#1983=DIRECTION('',(0.,0.,1.));
#1984=DIRECTION('',(0.,0.,1.));
#1985=DIRECTION('',(0.,1.,0.));
#1986=DIRECTION('',(0.,0.,1.));
#1987=DIRECTION('',(0.,1.,0.));
#1988=DIRECTION('',(0.,-1.,0.));
#1989=DIRECTION('',(1.,0.,0.));
#1990=DIRECTION('',(0.,-1.,0.));
#1991=DIRECTION('',(0.,0.,-1.));
#1992=DIRECTION('',(0.,-1.,0.));
#1993=DIRECTION('',(0.,0.,-1.));
#1994=DIRECTION('',(0.,-1.,0.));
#1995=DIRECTION('',(0.,0.,-1.));
#1996=DIRECTION('',(0.,-1.,0.));
#1997=DIRECTION('',(0.,0.,-1.));
#1998=DIRECTION('',(0.,-1.,0.));
#1999=DIRECTION('',(1.,0.,0.));
#2000=DIRECTION('',(0.,1.,0.));
#2001=DIRECTION('',(0.,0.,1.));
#2002=DIRECTION('',(0.,1.,0.));
#2003=DIRECTION('',(0.,0.,1.));
#2004=DIRECTION('',(0.,1.,0.));
#2005=DIRECTION('',(0.,0.,1.));
#2006=DIRECTION('',(0.,1.,0.));
#2007=DIRECTION('',(0.,0.,1.));
#2008=DIRECTION('',(0.,-1.,0.));
#2009=DIRECTION('',(0.,0.,-1.));
#2010=DIRECTION('',(0.,-1.,0.));
#2011=DIRECTION('',(0.,0.,-1.));
#2012=DIRECTION('',(0.,-1.,0.));
#2013=DIRECTION('',(0.,0.,-1.));
#2014=DIRECTION('',(0.,-1.,0.));
#2015=DIRECTION('',(0.,0.,-1.));
#2016=DIRECTION('',(-1.,0.,-6.63120594792359E-17));
#2017=DIRECTION('',(0.,0.,-1.));
#2018=DIRECTION('',(0.,0.,-1.));
#2019=DIRECTION('',(0.,0.,-1.));
#2020=DIRECTION('',(-1.,0.,-1.23239803635749E-16));
#2021=DIRECTION('',(-6.63120594792359E-17,0.,1.));
#2022=DIRECTION('',(1.,0.,6.63120594792359E-17));
#2023=DIRECTION('',(-1.,0.,-6.63120594792359E-17));
#2024=DIRECTION('',(0.,-1.,0.));
#2025=DIRECTION('',(-1.,0.,0.));
#2026=DIRECTION('',(0.,0.,1.));
#2027=DIRECTION('',(0.,0.,-1.));
#2028=DIRECTION('',(0.,-1.,0.));
#2029=DIRECTION('',(1.,0.,0.));
#2030=DIRECTION('',(-1.,0.,0.));
#2031=DIRECTION('',(0.,0.,1.));
#2032=DIRECTION('',(0.,0.,-1.));
#2033=DIRECTION('',(0.,-1.,0.));
#2034=DIRECTION('',(-1.,0.,0.));
#2035=DIRECTION('',(0.,0.,1.));
#2036=DIRECTION('',(0.,0.,-1.));
#2037=DIRECTION('',(-1.23239803635749E-16,0.,1.));
#2038=DIRECTION('',(1.,0.,1.23239803635749E-16));
#2039=DIRECTION('',(-1.,0.,-1.23239803635749E-16));
#2040=DIRECTION('',(0.,-1.,0.));
#2041=DIRECTION('',(1.,0.,0.));
#2042=DIRECTION('',(0.,1.,0.));
#2043=DIRECTION('',(0.,0.,1.));
#2044=DIRECTION('',(0.,1.,0.));
#2045=DIRECTION('',(0.,0.,1.));
#2046=DIRECTION('',(0.,1.,0.));
#2047=DIRECTION('',(-1.,0.,0.));
#2048=DIRECTION('',(0.,1.,0.));
#2049=DIRECTION('',(0.,0.,1.));
#2050=DIRECTION('',(0.,1.,0.));
#2051=DIRECTION('',(0.,0.,1.));
#2052=DIRECTION('',(0.,1.,0.));
#2053=DIRECTION('',(-1.,0.,0.));
#2054=DIRECTION('',(0.,1.,0.));
#2055=DIRECTION('',(0.,0.,1.));
#2056=DIRECTION('',(0.,1.,0.));
#2057=DIRECTION('',(0.,0.,1.));
#2058=DIRECTION('',(0.,1.,0.));
#2059=DIRECTION('',(-1.,0.,0.));
#2060=DIRECTION('',(0.,1.,0.));
#2061=DIRECTION('',(0.,0.,1.));
#2062=DIRECTION('',(0.,1.,0.));
#2063=DIRECTION('',(0.,0.,1.));
#2064=DIRECTION('',(0.,1.,0.));
#2065=DIRECTION('',(-1.,0.,0.));
#2066=DIRECTION('',(0.,0.,1.));
#2067=DIRECTION('',(1.,0.,0.));
#2068=DIRECTION('',(1.,0.,0.));
#2069=DIRECTION('',(0.,-1.,0.));
#2070=DIRECTION('',(1.,3.05311331771918E-16,0.));
#2071=DIRECTION('',(1.93823852064448E-16,-1.,0.));
#2072=DIRECTION('',(-1.,-1.93823852064448E-16,0.));
#2073=DIRECTION('',(1.93823852064448E-16,-1.,0.));
#2074=DIRECTION('',(0.,0.,1.));
#2075=DIRECTION('',(0.,0.,1.));
#2076=DIRECTION('',(3.05311331771918E-16,-1.,0.));
#2077=DIRECTION('',(1.,3.05311331771918E-16,0.));
#2078=DIRECTION('',(0.,0.,1.));
#2079=DIRECTION('',(-1.,0.,0.));
#2080=DIRECTION('',(0.,0.,1.));
#2081=DIRECTION('',(0.,0.,1.));
#2082=DIRECTION('',(0.,-1.,0.));
#2083=DIRECTION('',(0.,0.,-1.));
#2084=DIRECTION('',(0.,-1.,0.));
#2085=DIRECTION('',(0.,0.,-1.));
#2086=DIRECTION('',(0.,0.,1.));
#2087=DIRECTION('',(0.,0.,1.));
#2088=DIRECTION('',(-1.,0.,0.));
#2089=DIRECTION('',(0.,0.,1.));
#2090=DIRECTION('',(0.,0.,1.));
#2091=DIRECTION('',(3.05311331771918E-16,-1.,0.));
#2092=DIRECTION('',(1.,3.05311331771918E-16,0.));
#2093=DIRECTION('',(0.,0.,1.));
#2094=DIRECTION('',(-1.,-1.93823852064448E-16,0.));
#2095=DIRECTION('',(1.93823852064448E-16,-1.,0.));
#2096=DIRECTION('',(5.62350840175402E-32,-1.,-2.89120579329469E-16));
#2097=DIRECTION('',(0.,2.89120579329469E-16,-1.));
#2098=DIRECTION('',(1.,0.,1.94503913031584E-16));
#2099=DIRECTION('',(1.,0.,1.94503913031584E-16));
#2100=DIRECTION('',(-1.94503913031584E-16,0.,1.));
#2101=DIRECTION('',(1.,0.,1.94503913031584E-16));
#2102=DIRECTION('',(1.,0.,1.94503913031584E-16));
#2103=DIRECTION('',(0.,-1.,0.));
#2104=DIRECTION('',(0.,0.,-1.));
#2105=DIRECTION('',(1.,0.,1.94503913031584E-16));
#2106=DIRECTION('',(-1.94503913031584E-16,0.,1.));
#2107=DIRECTION('',(1.,0.,1.94503913031584E-16));
#2108=DIRECTION('',(5.62350840175402E-32,-1.,-2.89120579329469E-16));
#2109=DIRECTION('',(0.,2.89120579329469E-16,-1.));
#2110=DIRECTION('',(1.,0.,1.94503913031584E-16));
#2111=DIRECTION('',(1.,0.,1.94503913031584E-16));
#2112=DIRECTION('',(-1.94503913031584E-16,0.,1.));
#2113=DIRECTION('',(1.,0.,1.94503913031584E-16));
#2114=DIRECTION('',(1.,0.,1.94503913031584E-16));
#2115=DIRECTION('',(0.,-1.,0.));
#2116=DIRECTION('',(0.,0.,-1.));
#2117=DIRECTION('',(1.,0.,1.94503913031584E-16));
#2118=DIRECTION('',(-1.94503913031584E-16,0.,1.));
#2119=DIRECTION('',(1.,0.,1.94503913031584E-16));
#2120=DIRECTION('',(1.1247016803508E-31,-1.,-5.78241158658937E-16));
#2121=DIRECTION('',(0.,5.78241158658937E-16,-1.));
#2122=DIRECTION('',(1.,0.,1.94503913031584E-16));
#2123=DIRECTION('',(1.,0.,1.94503913031584E-16));
#2124=DIRECTION('',(-1.94503913031584E-16,0.,1.));
#2125=DIRECTION('',(1.,0.,1.94503913031584E-16));
#2126=DIRECTION('',(1.,0.,1.94503913031584E-16));
#2127=DIRECTION('',(0.,-1.,0.));
#2128=DIRECTION('',(0.,0.,-1.));
#2129=DIRECTION('',(1.,0.,1.94503913031584E-16));
#2130=DIRECTION('',(-1.94503913031584E-16,0.,1.));
#2131=DIRECTION('',(1.,0.,1.94503913031584E-16));
#2132=DIRECTION('',(0.,-1.,0.));
#2133=DIRECTION('',(0.,0.,-1.));
#2134=DIRECTION('',(0.,0.,-1.));
#2135=DIRECTION('',(0.,0.,-1.));
#2136=DIRECTION('',(1.,0.,0.));
#2137=DIRECTION('',(0.,0.,-1.));
#2138=DIRECTION('',(0.,0.,-1.));
#2139=DIRECTION('',(0.,-1.,0.));
#2140=DIRECTION('',(0.,0.,-1.));
#2141=DIRECTION('',(0.,0.,-1.));
#2142=DIRECTION('',(1.,0.,0.));
#2143=DIRECTION('',(0.,0.,-1.));
#2144=DIRECTION('',(0.,-1.,0.));
#2145=DIRECTION('',(0.,0.,-1.));
#2146=DIRECTION('',(0.,1.,0.));
#2147=DIRECTION('',(0.,0.,1.));
#2148=DIRECTION('',(0.,1.,0.));
#2149=DIRECTION('',(0.,0.,1.));
#2150=DIRECTION('',(0.,-1.,0.));
#2151=DIRECTION('',(0.,0.,-1.));
#2152=DIRECTION('',(0.,0.,1.));
#2153=DIRECTION('',(1.,0.,0.));
#2154=DIRECTION('',(0.,0.,-1.));
#2155=DIRECTION('',(-1.,0.,0.));
#2156=DIRECTION('',(1.,0.,0.));
#2157=DIRECTION('',(0.,-1.,0.));
#2158=DIRECTION('',(1.,0.,0.));
#2159=DIRECTION('',(0.,-1.,0.));
#2160=DIRECTION('',(1.,0.,0.));
#2161=DIRECTION('',(0.,0.,-1.));
#2162=DIRECTION('',(0.,0.,1.));
#2163=DIRECTION('',(0.,0.,1.));
#2164=DIRECTION('',(0.,-1.,0.));
#2165=DIRECTION('',(0.,0.,-1.));
#2166=DIRECTION('',(-1.,0.,0.));
#2167=DIRECTION('',(1.,0.,0.));
#2168=DIRECTION('',(1.,0.,0.));
#2169=DIRECTION('',(0.,-1.,0.));
#2170=DIRECTION('',(-1.,0.,0.));
#2171=DIRECTION('',(0.,0.,1.));
#2172=DIRECTION('',(0.,0.,-1.));
#2173=DIRECTION('',(0.,0.,-1.));
#2174=DIRECTION('',(0.,-1.,0.));
#2175=DIRECTION('',(0.,0.,-1.));
#2176=DIRECTION('',(0.,-1.,0.));
#2177=DIRECTION('',(0.,0.,-1.));
#2178=DIRECTION('',(0.,-1.,0.));
#2179=DIRECTION('',(0.,0.,-1.));
#2180=DIRECTION('',(0.,-1.,0.));
#2181=DIRECTION('',(1.,0.,0.));
#2182=DIRECTION('',(0.,-1.,0.));
#2183=DIRECTION('',(1.,0.,0.));
#2184=DIRECTION('',(0.,0.,1.));
#2185=DIRECTION('',(1.,0.,0.));
#2186=DIRECTION('',(0.,0.,-1.));
#2187=DIRECTION('',(-1.,0.,0.));
#2188=DIRECTION('',(1.,0.,0.));
#2189=DIRECTION('',(0.,-1.,0.));
#2190=DIRECTION('',(1.,0.,0.));
#2191=DIRECTION('',(0.,-1.,0.));
#2192=DIRECTION('',(1.,0.,0.));
#2193=DIRECTION('',(0.,0.,-1.));
#2194=DIRECTION('',(0.,0.,1.));
#2195=DIRECTION('',(0.,0.,1.));
#2196=DIRECTION('',(0.,-1.,0.));
#2197=DIRECTION('',(0.,0.,-1.));
#2198=DIRECTION('',(-1.,0.,0.));
#2199=DIRECTION('',(1.,0.,0.));
#2200=DIRECTION('',(1.,0.,0.));
#2201=DIRECTION('',(0.,-1.,0.));
#2202=DIRECTION('',(1.,0.,0.));
#2203=DIRECTION('',(0.,0.,-1.));
#2204=DIRECTION('',(0.,0.,1.));
#2205=DIRECTION('',(0.,0.,1.));
#2206=DIRECTION('',(0.,-1.,0.));
#2207=DIRECTION('',(0.,0.,-1.));
#2208=DIRECTION('',(0.,-1.,0.));
#2209=DIRECTION('',(0.,0.,-1.));
#2210=DIRECTION('',(0.,-1.,0.));
#2211=DIRECTION('',(0.,0.,-1.));
#2212=DIRECTION('',(0.,-1.,0.));
#2213=DIRECTION('',(1.,0.,0.));
#2214=DIRECTION('',(0.,-1.,0.));
#2215=DIRECTION('',(1.,0.,0.));
#2216=CARTESIAN_POINT('',(0.,0.,0.));
#2217=CARTESIAN_POINT('',(-0.09,-0.02408,-0.019114829342793));
#2218=CARTESIAN_POINT('',(-0.09,-0.02108,-0.019114829342793));
#2219=CARTESIAN_POINT('',(-0.09,-0.02108,-0.049289658685586));
#2220=CARTESIAN_POINT('',(-0.09,-0.02108,0.01106));
#2221=CARTESIAN_POINT('',(-0.09,-0.02408,-0.049289658685586));
#2222=CARTESIAN_POINT('',(-0.09,-0.02408,-0.049289658685586));
#2223=CARTESIAN_POINT('',(-0.09,-0.02408,-0.019114829342793));
#2224=CARTESIAN_POINT('',(-0.09,-0.02408,0.01106));
#2225=CARTESIAN_POINT('',(-0.09,-0.02408,0.01106));
#2226=CARTESIAN_POINT('',(-0.04475,-0.02408,-0.049289658685586));
#2227=CARTESIAN_POINT('',(-0.04475,-0.02108,-0.049289658685586));
#2228=CARTESIAN_POINT('',(0.0005,-0.02108,-0.049289658685586));
#2229=CARTESIAN_POINT('',(0.0005,-0.02408,-0.049289658685586));
#2230=CARTESIAN_POINT('',(0.0005,-0.02408,-0.049289658685586));
#2231=CARTESIAN_POINT('',(-0.04475,-0.02408,-0.049289658685586));
#2232=CARTESIAN_POINT('',(0.0005,-0.02408,-0.019114829342793));
#2233=CARTESIAN_POINT('',(0.0005,-0.02108,-0.019114829342793));
#2234=CARTESIAN_POINT('',(0.0005,-0.02108,0.01106));
#2235=CARTESIAN_POINT('',(0.0005,-0.02408,0.01106));
#2236=CARTESIAN_POINT('',(0.0005,-0.02408,0.01106));
#2237=CARTESIAN_POINT('',(0.0005,-0.02408,-0.019114829342793));
#2238=CARTESIAN_POINT('',(-0.04475,-0.02408,0.01106));
#2239=CARTESIAN_POINT('',(-0.04475,-0.02108,0.01106));
#2240=CARTESIAN_POINT('',(-0.04475,-0.02408,0.01106));
#2241=CARTESIAN_POINT('',(-0.04475,-0.02408,-0.021614829342793));
#2242=CARTESIAN_POINT('',(-0.04475,-0.02108,-0.021614829342793));
#2243=CARTESIAN_POINT('',(0.,0.,0.));
#2244=CARTESIAN_POINT('',(0.0005,-0.00108,-0.019114829342793));
#2245=CARTESIAN_POINT('',(0.0005,-0.02108,-0.019114829342793));
#2246=CARTESIAN_POINT('',(0.0005,-0.02108,-0.049289658685586));
#2247=CARTESIAN_POINT('',(0.0005,-0.02108,-0.0385));
#2248=CARTESIAN_POINT('',(0.0005,-0.00108,-0.049289658685586));
#2249=CARTESIAN_POINT('',(0.0005,-0.00108,-0.049289658685586));
#2250=CARTESIAN_POINT('',(0.0005,-0.00108,-0.019114829342793));
#2251=CARTESIAN_POINT('',(0.0005,-0.00108,-0.0385));
#2252=CARTESIAN_POINT('',(0.0005,-0.00108,-0.0385));
#2253=CARTESIAN_POINT('',(-0.00425,-0.00108,-0.0385));
#2254=CARTESIAN_POINT('',(-0.00425,-0.02108,-0.0385));
#2255=CARTESIAN_POINT('',(-0.009,-0.02108,-0.0385));
#2256=CARTESIAN_POINT('',(-0.00425,-0.00108,-0.0385));
#2257=CARTESIAN_POINT('',(-0.009,-0.00108,-0.0385));
#2258=CARTESIAN_POINT('',(-0.009,-0.00108,-0.0385));
#2259=CARTESIAN_POINT('',(-0.009,-0.00108,-0.043894829342793));
#2260=CARTESIAN_POINT('',(-0.009,-0.02108,-0.043894829342793));
#2261=CARTESIAN_POINT('',(-0.009,-0.02108,-0.049289658685586));
#2262=CARTESIAN_POINT('',(-0.009,-0.00108,-0.043894829342793));
#2263=CARTESIAN_POINT('',(-0.009,-0.00108,-0.049289658685586));
#2264=CARTESIAN_POINT('',(-0.009,-0.00108,-0.049289658685586));
#2265=CARTESIAN_POINT('',(-0.0045,-0.00108,-0.043));
#2266=CARTESIAN_POINT('',(-0.0045,-0.00108,-0.043));
#2267=CARTESIAN_POINT('',(-0.0045,-0.00108,-0.0446));
#2268=CARTESIAN_POINT('',(-0.0045,-0.02108,-0.043));
#2269=CARTESIAN_POINT('',(-0.0045,-0.02108,-0.0446));
#2270=CARTESIAN_POINT('',(-0.04475,-0.00108,-0.049289658685586));
#2271=CARTESIAN_POINT('',(-0.04475,-0.02108,-0.049289658685586));
#2272=CARTESIAN_POINT('',(-0.04475,-0.00108,-0.049289658685586));
#2273=CARTESIAN_POINT('',(-0.04475,-0.00108,-0.021614829342793));
#2274=CARTESIAN_POINT('',(-0.04475,-0.02108,-0.021614829342793));
#2275=CARTESIAN_POINT('',(0.,0.,0.));
#2276=CARTESIAN_POINT('',(0.,-0.00108,-0.0045));
#2277=CARTESIAN_POINT('',(0.,-0.02108,-0.0045));
#2278=CARTESIAN_POINT('',(0.,-0.02108,0.));
#2279=CARTESIAN_POINT('',(1.7347234759768E-18,-0.02108,-0.009));
#2280=CARTESIAN_POINT('',(1.7347234759768E-18,-0.00108,-0.009));
#2281=CARTESIAN_POINT('',(1.7347234759768E-18,-0.00108,-0.009));
#2282=CARTESIAN_POINT('',(0.,-0.00108,-0.0045));
#2283=CARTESIAN_POINT('',(0.,-0.00108,0.));
#2284=CARTESIAN_POINT('',(0.,-0.00108,0.));
#2285=CARTESIAN_POINT('',(-0.0045,-0.00108,0.));
#2286=CARTESIAN_POINT('',(-0.0045,-0.02108,0.));
#2287=CARTESIAN_POINT('',(-0.009,-0.02108,-8.67361737988404E-19));
#2288=CARTESIAN_POINT('',(-0.0045,-0.00108,0.));
#2289=CARTESIAN_POINT('',(-0.009,-0.00108,-8.67361737988404E-19));
#2290=CARTESIAN_POINT('',(-0.009,-0.00108,-8.67361737988404E-19));
#2291=CARTESIAN_POINT('',(-0.009,-0.00108,-0.0045));
#2292=CARTESIAN_POINT('',(-0.009,-0.02108,-0.0045));
#2293=CARTESIAN_POINT('',(-0.009,-0.02108,-0.009));
#2294=CARTESIAN_POINT('',(-0.009,-0.00108,-0.0045));
#2295=CARTESIAN_POINT('',(-0.009,-0.00108,-0.009));
#2296=CARTESIAN_POINT('',(-0.009,-0.00108,-0.009));
#2297=CARTESIAN_POINT('',(-0.0045,-0.00108,-0.009));
#2298=CARTESIAN_POINT('',(-0.0045,-0.02108,-0.009));
#2299=CARTESIAN_POINT('',(-0.0045,-0.00108,-0.009));
#2300=CARTESIAN_POINT('',(-0.0045,-0.00108,-0.0045));
#2301=CARTESIAN_POINT('',(-0.0045,-0.00108,-0.0045));
#2302=CARTESIAN_POINT('',(-0.0045,-0.00108,-0.0061));
#2303=CARTESIAN_POINT('',(-0.0045,-0.02108,-0.0045));
#2304=CARTESIAN_POINT('',(-0.0045,-0.02108,-0.0061));
#2305=CARTESIAN_POINT('',(-0.04475,-0.00108,-0.021614829342793));
#2306=CARTESIAN_POINT('',(-0.04475,-0.02108,-0.021614829342793));
#2307=CARTESIAN_POINT('',(0.,0.,0.));
#2308=CARTESIAN_POINT('',(-0.04475,-0.02408,-0.049289658685586));
#2309=CARTESIAN_POINT('',(0.0005,-0.02408,-0.049289658685586));
#2310=CARTESIAN_POINT('',(0.0005,-0.02408,-0.049289658685586));
#2311=CARTESIAN_POINT('',(0.0005,0.01192,-0.049289658685586));
#2312=CARTESIAN_POINT('',(-0.04475,0.01192,-0.049289658685586));
#2313=CARTESIAN_POINT('',(-0.09,0.01192,-0.049289658685586));
#2314=CARTESIAN_POINT('',(-0.09,-0.02408,-0.049289658685586));
#2315=CARTESIAN_POINT('',(-0.09,-0.02408,-0.049289658685586));
#2316=CARTESIAN_POINT('',(-0.04475,-0.02408,-0.049289658685586));
#2317=CARTESIAN_POINT('',(-0.0500691458582878,0.000777075765654445,-0.049289658685586));
#2318=CARTESIAN_POINT('',(-0.0500691458582878,0.00601325137540698,-0.049289658685586));
#2319=CARTESIAN_POINT('',(-0.0500691458582878,-0.00445909984409809,-0.049289658685586));
#2320=CARTESIAN_POINT('',(-0.0422683134675026,0.00601325137540698,-0.049289658685586));
#2321=CARTESIAN_POINT('',(-0.0344674810767174,0.00601325137540698,-0.049289658685586));
#2322=CARTESIAN_POINT('',(-0.0344674810767174,0.000777075765654445,-0.049289658685586));
#2323=CARTESIAN_POINT('',(-0.0344674810767174,-0.00445909984409809,-0.049289658685586));
#2324=CARTESIAN_POINT('',(-0.0422683134675026,-0.00445909984409809,-0.049289658685586));
#2325=CARTESIAN_POINT('',(-0.04475,-0.02408,-0.057289658685586));
#2326=CARTESIAN_POINT('',(-0.04475,-0.02408,-0.057289658685586));
#2327=CARTESIAN_POINT('',(-0.09419,-0.02408,-0.057289658685586));
#2328=CARTESIAN_POINT('',(0.00469,-0.02408,-0.057289658685586));
#2329=CARTESIAN_POINT('',(-0.09419,0.01192,-0.057289658685586));
#2330=CARTESIAN_POINT('',(-0.09419,0.01192,-0.057289658685586));
#2331=CARTESIAN_POINT('',(-0.04475,0.01192,-0.057289658685586));
#2332=CARTESIAN_POINT('',(0.00469,0.01192,-0.057289658685586));
#2333=CARTESIAN_POINT('',(0.00469,-0.02408,-0.057289658685586));
#2334=CARTESIAN_POINT('',(-0.0422683134675026,0.00601325137540698,-0.057289658685586));
#2335=CARTESIAN_POINT('',(-0.0344674810767174,0.00601325137540698,-0.057289658685586));
#2336=CARTESIAN_POINT('',(-0.0500691458582878,0.00601325137540698,-0.057289658685586));
#2337=CARTESIAN_POINT('',(-0.0500691458582878,0.000777075765654445,-0.057289658685586));
#2338=CARTESIAN_POINT('',(-0.0500691458582878,-0.00445909984409809,-0.057289658685586));
#2339=CARTESIAN_POINT('',(-0.0422683134675026,-0.00445909984409809,-0.057289658685586));
#2340=CARTESIAN_POINT('',(-0.0344674810767174,-0.00445909984409809,-0.057289658685586));
#2341=CARTESIAN_POINT('',(-0.0344674810767174,0.000777075765654445,-0.057289658685586));
#2342=CARTESIAN_POINT('',(0.0085,-0.02408,-0.021614829342793));
#2343=CARTESIAN_POINT('',(0.0085,0.0046458740055561,-0.0382714393685656));
#2344=CARTESIAN_POINT('',(0.0085,0.0046458740055561,-0.0367714393685656));
#2345=CARTESIAN_POINT('',(0.0085,0.0046458740055561,-0.0397714393685656));
#2346=CARTESIAN_POINT('',(0.0085,-0.0063541259944439,-0.0397714393685656));
#2347=CARTESIAN_POINT('',(0.0085,-0.0173541259944439,-0.0397714393685656));
#2348=CARTESIAN_POINT('',(0.0085,-0.0173541259944439,-0.0382714393685656));
#2349=CARTESIAN_POINT('',(0.0085,-0.0173541259944439,-0.0367714393685656));
#2350=CARTESIAN_POINT('',(0.0085,-0.0063541259944439,-0.0367714393685656));
#2351=CARTESIAN_POINT('',(0.0085,-0.02408,-0.021614829342793));
#2352=CARTESIAN_POINT('',(0.0085,-0.02408,-0.053479658685586));
#2353=CARTESIAN_POINT('',(0.0085,-0.02408,0.01025));
#2354=CARTESIAN_POINT('',(0.0085,-0.02408,-0.053479658685586));
#2355=CARTESIAN_POINT('',(0.0085,0.01192,-0.053479658685586));
#2356=CARTESIAN_POINT('',(0.0085,0.01192,-0.021614829342793));
#2357=CARTESIAN_POINT('',(0.0085,0.01192,0.01025));
#2358=CARTESIAN_POINT('',(0.0085,-0.02408,0.01025));
#2359=CARTESIAN_POINT('',(0.0085,0.00464587400555611,-0.0452714393685656));
#2360=CARTESIAN_POINT('',(0.0085,0.00464587400555611,-0.0437714393685656));
#2361=CARTESIAN_POINT('',(0.0085,0.00464587400555611,-0.0467714393685656));
#2362=CARTESIAN_POINT('',(0.0085,-0.00635412599444389,-0.0467714393685656));
#2363=CARTESIAN_POINT('',(0.0085,-0.0173541259944439,-0.0467714393685656));
#2364=CARTESIAN_POINT('',(0.0085,-0.0173541259944439,-0.0452714393685656));
#2365=CARTESIAN_POINT('',(0.0085,-0.0173541259944439,-0.0437714393685656));
#2366=CARTESIAN_POINT('',(0.0085,-0.00635412599444389,-0.0437714393685656));
#2367=CARTESIAN_POINT('',(0.0085,0.0046458740055561,-0.0312714393685656));
#2368=CARTESIAN_POINT('',(0.0085,0.0046458740055561,-0.0297714393685656));
#2369=CARTESIAN_POINT('',(0.0085,0.0046458740055561,-0.0327714393685656));
#2370=CARTESIAN_POINT('',(0.0085,-0.0063541259944439,-0.0327714393685656));
#2371=CARTESIAN_POINT('',(0.0085,-0.0173541259944439,-0.0327714393685656));
#2372=CARTESIAN_POINT('',(0.0085,-0.0173541259944439,-0.0312714393685656));
#2373=CARTESIAN_POINT('',(0.0085,-0.0173541259944439,-0.0297714393685656));
#2374=CARTESIAN_POINT('',(0.0085,-0.0063541259944439,-0.0297714393685656));
#2375=CARTESIAN_POINT('',(0.0005,-0.02408,-0.019114829342793));
#2376=CARTESIAN_POINT('',(0.0005,-0.02108,-0.019114829342793));
#2377=CARTESIAN_POINT('',(0.0005,-0.02108,0.0005));
#2378=CARTESIAN_POINT('',(0.0005,-0.02108,0.01106));
#2379=CARTESIAN_POINT('',(0.0005,0.01192,0.0005));
#2380=CARTESIAN_POINT('',(0.0005,0.01192,0.0005));
#2381=CARTESIAN_POINT('',(0.0005,0.01192,-0.019114829342793));
#2382=CARTESIAN_POINT('',(0.0005,-0.02408,-0.019114829342793));
#2383=CARTESIAN_POINT('',(0.0005,-0.02408,0.01106));
#2384=CARTESIAN_POINT('',(0.0005,-0.02408,0.01106));
#2385=CARTESIAN_POINT('',(0.000500000000000009,-0.00635412599444389,-0.0467714393685656));
#2386=CARTESIAN_POINT('',(0.0005,0.0046458740055561,-0.0467714393685656));
#2387=CARTESIAN_POINT('',(0.000500000000000009,-0.0173541259944439,-0.0467714393685656));
#2388=CARTESIAN_POINT('',(0.000500000000000009,0.00464587400555611,-0.0452714393685656));
#2389=CARTESIAN_POINT('',(0.000500000000000007,0.00464587400555611,-0.0437714393685656));
#2390=CARTESIAN_POINT('',(0.000500000000000007,-0.00635412599444389,-0.0437714393685656));
#2391=CARTESIAN_POINT('',(0.000500000000000007,-0.0173541259944439,-0.0437714393685656));
#2392=CARTESIAN_POINT('',(0.000500000000000009,-0.0173541259944439,-0.0452714393685656));
#2393=CARTESIAN_POINT('',(0.000500000000000007,-0.0063541259944439,-0.0397714393685656));
#2394=CARTESIAN_POINT('',(0.0005,0.0046458740055561,-0.0397714393685656));
#2395=CARTESIAN_POINT('',(0.000500000000000007,-0.0173541259944439,-0.0397714393685656));
#2396=CARTESIAN_POINT('',(0.000500000000000007,0.0046458740055561,-0.0382714393685656));
#2397=CARTESIAN_POINT('',(0.000500000000000007,0.0046458740055561,-0.0367714393685656));
#2398=CARTESIAN_POINT('',(0.000500000000000007,-0.0063541259944439,-0.0367714393685656));
#2399=CARTESIAN_POINT('',(0.000500000000000007,-0.0173541259944439,-0.0367714393685656));
#2400=CARTESIAN_POINT('',(0.000500000000000007,-0.0173541259944439,-0.0382714393685656));
#2401=CARTESIAN_POINT('',(0.000500000000000006,-0.0063541259944439,-0.0327714393685656));
#2402=CARTESIAN_POINT('',(0.0005,0.0046458740055561,-0.0327714393685656));
#2403=CARTESIAN_POINT('',(0.000500000000000006,-0.0173541259944439,-0.0327714393685656));
#2404=CARTESIAN_POINT('',(0.000500000000000006,0.0046458740055561,-0.0312714393685656));
#2405=CARTESIAN_POINT('',(0.000500000000000006,0.0046458740055561,-0.0297714393685656));
#2406=CARTESIAN_POINT('',(0.000500000000000006,-0.0063541259944439,-0.0297714393685656));
#2407=CARTESIAN_POINT('',(0.000500000000000006,-0.0173541259944439,-0.0297714393685656));
#2408=CARTESIAN_POINT('',(0.000500000000000006,-0.0173541259944439,-0.0312714393685656));
#2409=CARTESIAN_POINT('',(-0.04475,-0.02408,0.01106));
#2410=CARTESIAN_POINT('',(-0.007675,0.01192,0.01106));
#2411=CARTESIAN_POINT('',(-0.007675,0.01192,0.01106));
#2412=CARTESIAN_POINT('',(-0.007675,-0.02108,0.01106));
#2413=CARTESIAN_POINT('',(-0.04475,-0.02108,0.01106));
#2414=CARTESIAN_POINT('',(-0.04475,-0.02408,0.01106));
#2415=CARTESIAN_POINT('',(-0.09,-0.02408,0.01106));
#2416=CARTESIAN_POINT('',(-0.09,-0.02408,0.01106));
#2417=CARTESIAN_POINT('',(-0.09,-0.02108,0.01106));
#2418=CARTESIAN_POINT('',(-0.04475,-0.02108,0.01106));
#2419=CARTESIAN_POINT('',(-0.081825,-0.02108,0.01106));
#2420=CARTESIAN_POINT('',(-0.081825,0.01192,0.01106));
#2421=CARTESIAN_POINT('',(-0.081825,0.01192,0.01106));
#2422=CARTESIAN_POINT('',(-0.04475,0.01192,0.01106));
#2423=CARTESIAN_POINT('',(-0.04475,0.00332,0.01106));
#2424=CARTESIAN_POINT('',(-0.076,0.00332,0.01106));
#2425=CARTESIAN_POINT('',(-0.0135,0.00332,0.01106));
#2426=CARTESIAN_POINT('',(-0.076,-0.02408,0.01106));
#2427=CARTESIAN_POINT('',(-0.076,-0.01458,0.01106));
#2428=CARTESIAN_POINT('',(-0.04475,-0.01458,0.01106));
#2429=CARTESIAN_POINT('',(-0.0135,-0.01458,0.01106));
#2430=CARTESIAN_POINT('',(-0.0135,-0.02408,0.01106));
#2431=CARTESIAN_POINT('',(-0.04475,-0.02408,0.01406));
#2432=CARTESIAN_POINT('',(-0.04475,0.01192,0.01406));
#2433=CARTESIAN_POINT('',(-0.09419,0.01192,0.01406));
#2434=CARTESIAN_POINT('',(0.00469,0.01192,0.01406));
#2435=CARTESIAN_POINT('',(-0.09419,-0.02408,0.01406));
#2436=CARTESIAN_POINT('',(-0.09419,-0.02408,0.01406));
#2437=CARTESIAN_POINT('',(-0.04475,-0.02408,0.01406));
#2438=CARTESIAN_POINT('',(0.00469,-0.02408,0.01406));
#2439=CARTESIAN_POINT('',(0.00469,0.01192,0.01406));
#2440=CARTESIAN_POINT('',(-0.076,-0.00563,0.01406));
#2441=CARTESIAN_POINT('',(-0.076,0.00332,0.01406));
#2442=CARTESIAN_POINT('',(-0.076,-0.01458,0.01406));
#2443=CARTESIAN_POINT('',(-0.04475,0.00332,0.01406));
#2444=CARTESIAN_POINT('',(-0.0135,0.00332,0.01406));
#2445=CARTESIAN_POINT('',(-0.0135,-0.00563,0.01406));
#2446=CARTESIAN_POINT('',(-0.0135,-0.01458,0.01406));
#2447=CARTESIAN_POINT('',(-0.04475,-0.01458,0.01406));
#2448=CARTESIAN_POINT('',(-0.046635,0.01192,0.0065));
#2449=CARTESIAN_POINT('',(-0.046635,-0.02108,0.0065));
#2450=CARTESIAN_POINT('',(-0.011445,-0.02108,0.0065));
#2451=CARTESIAN_POINT('',(-0.081825,-0.02108,0.0065));
#2452=CARTESIAN_POINT('',(-0.011445,0.01192,0.0065));
#2453=CARTESIAN_POINT('',(-0.011445,0.01192,0.0065));
#2454=CARTESIAN_POINT('',(-0.046635,0.01192,0.0065));
#2455=CARTESIAN_POINT('',(-0.081825,0.01192,0.0065));
#2456=CARTESIAN_POINT('',(-0.081825,0.01192,0.0065));
#2457=CARTESIAN_POINT('',(-0.076,0.01192,0.0065));
#2458=CARTESIAN_POINT('',(-0.076,0.00332,0.0065));
#2459=CARTESIAN_POINT('',(-0.076,-0.01458,0.0065));
#2460=CARTESIAN_POINT('',(-0.046635,0.00332,0.0065));
#2461=CARTESIAN_POINT('',(-0.0135,0.00332,0.0065));
#2462=CARTESIAN_POINT('',(-0.0135,0.01192,0.0065));
#2463=CARTESIAN_POINT('',(-0.0135,-0.01458,0.0065));
#2464=CARTESIAN_POINT('',(-0.046635,-0.01458,0.0065));
#2465=CARTESIAN_POINT('',(-0.09,-0.02408,-0.019114829342793));
#2466=CARTESIAN_POINT('',(-0.09,0.01192,0.0005));
#2467=CARTESIAN_POINT('',(-0.09,0.01192,0.0005));
#2468=CARTESIAN_POINT('',(-0.09,-0.02108,0.0005));
#2469=CARTESIAN_POINT('',(-0.09,-0.02108,-0.019114829342793));
#2470=CARTESIAN_POINT('',(-0.09,-0.02408,-0.019114829342793));
#2471=CARTESIAN_POINT('',(-0.09,0.01192,-0.019114829342793));
#2472=CARTESIAN_POINT('',(-0.098,-0.02408,-0.021614829342793));
#2473=CARTESIAN_POINT('',(-0.098,0.01192,-0.021614829342793));
#2474=CARTESIAN_POINT('',(-0.098,0.01192,-0.053479658685586));
#2475=CARTESIAN_POINT('',(-0.098,0.01192,0.01025));
#2476=CARTESIAN_POINT('',(-0.098,-0.02408,-0.053479658685586));
#2477=CARTESIAN_POINT('',(-0.098,-0.02408,-0.053479658685586));
#2478=CARTESIAN_POINT('',(-0.098,-0.02408,-0.021614829342793));
#2479=CARTESIAN_POINT('',(-0.098,-0.02408,0.01025));
#2480=CARTESIAN_POINT('',(-0.098,-0.02408,0.01025));
#2481=CARTESIAN_POINT('',(-0.04475,-0.02408,-0.021614829342793));
#2482=CARTESIAN_POINT('',(-0.09419,-0.02408,-0.053479658685586));
#2483=CARTESIAN_POINT('',(0.00469,-0.02408,-0.053479658685586));
#2484=CARTESIAN_POINT('',(0.00469,-0.02408,0.01025));
#2485=CARTESIAN_POINT('',(-0.09419,-0.02408,0.01025));
#2486=CARTESIAN_POINT('',(-0.04475,0.01192,-0.021614829342793));
#2487=CARTESIAN_POINT('',(-0.094,0.01192,0.00728));
#2488=CARTESIAN_POINT('',(-0.094,0.01192,0.00958));
#2489=CARTESIAN_POINT('',(0.0045,0.01192,-0.053289658685586));
#2490=CARTESIAN_POINT('',(0.0045,0.01192,-0.050989658685586));
#2491=CARTESIAN_POINT('',(-0.094,0.01192,-0.053289658685586));
#2492=CARTESIAN_POINT('',(-0.094,0.01192,-0.050989658685586));
#2493=CARTESIAN_POINT('',(0.0045,0.01192,0.00728));
#2494=CARTESIAN_POINT('',(0.0045,0.01192,0.00958));
#2495=CARTESIAN_POINT('',(-0.09419,0.01192,-0.053479658685586));
#2496=CARTESIAN_POINT('',(-0.09419,0.01192,0.01025));
#2497=CARTESIAN_POINT('',(0.00469,0.01192,0.01025));
#2498=CARTESIAN_POINT('',(0.00469,0.01192,-0.053479658685586));
#2499=CARTESIAN_POINT('',(-0.0035875,0.01192,0.0005));
#2500=CARTESIAN_POINT('',(-0.007675,0.01192,0.0005));
#2501=CARTESIAN_POINT('',(-0.007675,0.01192,0.00578));
#2502=CARTESIAN_POINT('',(-0.081825,0.01192,0.00878));
#2503=CARTESIAN_POINT('',(-0.011445,0.01192,0.0035));
#2504=CARTESIAN_POINT('',(-0.011445,0.01192,0.0005));
#2505=CARTESIAN_POINT('',(-0.046635,0.01192,0.0005));
#2506=CARTESIAN_POINT('',(-0.0035875,0.01192,0.0005));
#2507=CARTESIAN_POINT('',(-0.0035875,-0.02108,0.0005));
#2508=CARTESIAN_POINT('',(-0.007675,-0.02108,0.0005));
#2509=CARTESIAN_POINT('',(-0.007675,0.01192,0.0005));
#2510=CARTESIAN_POINT('',(-0.007675,0.01192,0.00578));
#2511=CARTESIAN_POINT('',(-0.007675,-0.02108,0.00578));
#2512=CARTESIAN_POINT('',(-0.04475,-0.02108,-0.021614829342793));
#2513=CARTESIAN_POINT('',(-0.011445,0.01192,0.0035));
#2514=CARTESIAN_POINT('',(-0.011445,-0.02108,0.0035));
#2515=CARTESIAN_POINT('',(-0.011445,-0.02108,0.0005));
#2516=CARTESIAN_POINT('',(-0.011445,0.01192,0.0005));
#2517=CARTESIAN_POINT('',(-0.081825,0.01192,0.00878));
#2518=CARTESIAN_POINT('',(-0.081825,-0.02108,0.00878));
#2519=CARTESIAN_POINT('',(-0.046635,0.01192,0.0005));
#2520=CARTESIAN_POINT('',(-0.046635,-0.02108,0.0005));
#2521=CARTESIAN_POINT('',(-0.04475,-0.02108,-0.021614829342793));
#2522=CARTESIAN_POINT('',(0.0045,0.00772,0.00728));
#2523=CARTESIAN_POINT('',(0.0045,0.00772,0.00728));
#2524=CARTESIAN_POINT('',(0.0045,0.00772,0.00958));
#2525=CARTESIAN_POINT('',(-0.04475,0.00772,-0.021614829342793));
#2526=CARTESIAN_POINT('',(-0.094,0.00772,-0.053289658685586));
#2527=CARTESIAN_POINT('',(-0.094,0.00772,-0.053289658685586));
#2528=CARTESIAN_POINT('',(-0.094,0.00772,-0.050989658685586));
#2529=CARTESIAN_POINT('',(-0.04475,0.00772,-0.021614829342793));
#2530=CARTESIAN_POINT('',(0.0045,0.00772,-0.053289658685586));
#2531=CARTESIAN_POINT('',(0.0045,0.00772,-0.053289658685586));
#2532=CARTESIAN_POINT('',(0.0045,0.00772,-0.050989658685586));
#2533=CARTESIAN_POINT('',(-0.04475,0.00772,-0.021614829342793));
#2534=CARTESIAN_POINT('',(-0.094,0.00772,0.00728));
#2535=CARTESIAN_POINT('',(-0.094,0.00772,0.00728));
#2536=CARTESIAN_POINT('',(-0.094,0.00772,0.00958));
#2537=CARTESIAN_POINT('',(-0.04475,0.00772,-0.021614829342793));
#2538=CARTESIAN_POINT('',(-0.04475,-0.00608,0.00606));
#2539=CARTESIAN_POINT('',(-0.04475,0.00332,0.00606));
#2540=CARTESIAN_POINT('',(-0.076,0.00332,0.00606));
#2541=CARTESIAN_POINT('',(-0.0135,0.00332,0.00606));
#2542=CARTESIAN_POINT('',(-0.076,-0.00563,0.00606));
#2543=CARTESIAN_POINT('',(-0.076,-0.01458,0.00606));
#2544=CARTESIAN_POINT('',(-0.04475,-0.01458,0.00606));
#2545=CARTESIAN_POINT('',(-0.0135,-0.01458,0.00606));
#2546=CARTESIAN_POINT('',(-0.0135,-0.00563,0.00606));
#2547=CARTESIAN_POINT('',(-0.0135,-0.00563,0.00606));
#2548=CARTESIAN_POINT('',(-0.0135,0.00332,0.00606));
#2549=CARTESIAN_POINT('',(-0.0135,-0.01458,0.00606));
#2550=CARTESIAN_POINT('',(-0.04475,-0.01458,0.00606));
#2551=CARTESIAN_POINT('',(-0.076,-0.01458,0.00606));
#2552=CARTESIAN_POINT('',(-0.076,-0.00563,0.00606));
#2553=CARTESIAN_POINT('',(-0.076,0.00332,0.00606));
#2554=CARTESIAN_POINT('',(-0.04475,0.00332,0.00606));
#2555=CARTESIAN_POINT('',(-0.04475,0.00332,0.00606));
#2556=CARTESIAN_POINT('',(-0.0135,0.00332,0.00606));
#2557=CARTESIAN_POINT('',(-0.076,0.00332,0.00606));
#2558=CARTESIAN_POINT('',(-0.076,-0.00563,0.00606));
#2559=CARTESIAN_POINT('',(-0.076,-0.01458,0.00606));
#2560=CARTESIAN_POINT('',(-0.04475,-0.01458,0.00606));
#2561=CARTESIAN_POINT('',(-0.0135,-0.01458,0.00606));
#2562=CARTESIAN_POINT('',(-0.0135,-0.00563,0.00606));
#2563=CARTESIAN_POINT('',(0.000500000000000009,0.00464587400555611,-0.0452714393685656));
#2564=CARTESIAN_POINT('',(0.000500000000000007,0.00464587400555611,-0.0437714393685656));
#2565=CARTESIAN_POINT('',(0.000500000000000009,0.00464587400555611,-0.0467714393685656));
#2566=CARTESIAN_POINT('',(0.000500000000000007,-0.00635412599444389,-0.0437714393685656));
#2567=CARTESIAN_POINT('',(0.000500000000000007,-0.0173541259944439,-0.0437714393685656));
#2568=CARTESIAN_POINT('',(0.000500000000000009,-0.0173541259944439,-0.0452714393685656));
#2569=CARTESIAN_POINT('',(0.000500000000000009,-0.0173541259944439,-0.0467714393685656));
#2570=CARTESIAN_POINT('',(0.000500000000000009,-0.00635412599444389,-0.0467714393685656));
#2571=CARTESIAN_POINT('',(0.000500000000000007,0.0046458740055561,-0.0382714393685656));
#2572=CARTESIAN_POINT('',(0.000500000000000007,0.0046458740055561,-0.0367714393685656));
#2573=CARTESIAN_POINT('',(0.000500000000000007,0.0046458740055561,-0.0397714393685656));
#2574=CARTESIAN_POINT('',(0.000500000000000007,-0.0063541259944439,-0.0367714393685656));
#2575=CARTESIAN_POINT('',(0.000500000000000007,-0.0173541259944439,-0.0367714393685656));
#2576=CARTESIAN_POINT('',(0.000500000000000007,-0.0173541259944439,-0.0382714393685656));
#2577=CARTESIAN_POINT('',(0.000500000000000007,-0.0173541259944439,-0.0397714393685656));
#2578=CARTESIAN_POINT('',(0.000500000000000007,-0.0063541259944439,-0.0397714393685656));
#2579=CARTESIAN_POINT('',(0.000500000000000006,0.0046458740055561,-0.0312714393685656));
#2580=CARTESIAN_POINT('',(0.000500000000000006,0.0046458740055561,-0.0297714393685656));
#2581=CARTESIAN_POINT('',(0.000500000000000006,0.0046458740055561,-0.0327714393685656));
#2582=CARTESIAN_POINT('',(0.000500000000000006,-0.0063541259944439,-0.0297714393685656));
#2583=CARTESIAN_POINT('',(0.000500000000000006,-0.0173541259944439,-0.0297714393685656));
#2584=CARTESIAN_POINT('',(0.000500000000000006,-0.0173541259944439,-0.0312714393685656));
#2585=CARTESIAN_POINT('',(0.000500000000000006,-0.0173541259944439,-0.0327714393685656));
#2586=CARTESIAN_POINT('',(0.000500000000000006,-0.0063541259944439,-0.0327714393685656));
#2587=CARTESIAN_POINT('',(-0.0422683134675026,0.00601325137540698,-0.049289658685586));
#2588=CARTESIAN_POINT('',(-0.0344674810767174,0.00601325137540698,-0.049289658685586));
#2589=CARTESIAN_POINT('',(-0.0500691458582878,0.00601325137540698,-0.049289658685586));
#2590=CARTESIAN_POINT('',(-0.0344674810767174,0.000777075765654445,-0.049289658685586));
#2591=CARTESIAN_POINT('',(-0.0344674810767174,-0.00445909984409809,-0.049289658685586));
#2592=CARTESIAN_POINT('',(-0.0422683134675026,-0.00445909984409809,-0.049289658685586));
#2593=CARTESIAN_POINT('',(-0.0500691458582878,-0.00445909984409809,-0.049289658685586));
#2594=CARTESIAN_POINT('',(-0.0500691458582878,0.000777075765654445,-0.049289658685586));
#2595=CARTESIAN_POINT('',(-0.09419,-0.02408,-0.053479658685586));
#2596=CARTESIAN_POINT('',(-0.09419,-0.02408,0.01025));
#2597=CARTESIAN_POINT('',(0.00469,-0.02408,-0.053479658685586));
#2598=CARTESIAN_POINT('',(0.00469,-0.02408,0.01025));
#2599=CARTESIAN_POINT('',(0.,0.,0.));
#2600=CARTESIAN_POINT('',(-0.08525,-0.00108,0.0005));
#2601=CARTESIAN_POINT('',(-0.08525,-0.02108,0.0005));
#2602=CARTESIAN_POINT('',(-0.09,-0.02108,0.0005));
#2603=CARTESIAN_POINT('',(-0.0805,-0.02108,0.0005));
#2604=CARTESIAN_POINT('',(-0.0805,-0.00108,0.0005));
#2605=CARTESIAN_POINT('',(-0.0805,-0.00108,0.0005));
#2606=CARTESIAN_POINT('',(-0.08525,-0.00108,0.0005));
#2607=CARTESIAN_POINT('',(-0.09,-0.00108,0.0005));
#2608=CARTESIAN_POINT('',(-0.09,-0.00108,0.0005));
#2609=CARTESIAN_POINT('',(-0.09,-0.00108,-0.019114829342793));
#2610=CARTESIAN_POINT('',(-0.09,-0.02108,-0.019114829342793));
#2611=CARTESIAN_POINT('',(-0.09,-0.02108,-0.009));
#2612=CARTESIAN_POINT('',(-0.09,-0.00108,-0.019114829342793));
#2613=CARTESIAN_POINT('',(-0.09,-0.00108,-0.009));
#2614=CARTESIAN_POINT('',(-0.09,-0.00108,-0.009));
#2615=CARTESIAN_POINT('',(-0.08525,-0.00108,-0.009));
#2616=CARTESIAN_POINT('',(-0.08525,-0.02108,-0.009));
#2617=CARTESIAN_POINT('',(-0.0805,-0.02108,-0.009));
#2618=CARTESIAN_POINT('',(-0.08525,-0.00108,-0.009));
#2619=CARTESIAN_POINT('',(-0.0805,-0.00108,-0.009));
#2620=CARTESIAN_POINT('',(-0.0805,-0.00108,-0.009));
#2621=CARTESIAN_POINT('',(-0.0805,-0.00108,-0.00425));
#2622=CARTESIAN_POINT('',(-0.0805,-0.02108,-0.00425));
#2623=CARTESIAN_POINT('',(-0.0805,-0.00108,-0.00425));
#2624=CARTESIAN_POINT('',(-0.085,-0.00108,-0.0045));
#2625=CARTESIAN_POINT('',(-0.085,-0.00108,-0.0045));
#2626=CARTESIAN_POINT('',(-0.085,-0.00108,-0.0068));
#2627=CARTESIAN_POINT('',(-0.085,-0.02108,-0.0045));
#2628=CARTESIAN_POINT('',(-0.085,-0.02108,-0.0068));
#2629=CARTESIAN_POINT('',(-0.04475,-0.00108,-0.021614829342793));
#2630=CARTESIAN_POINT('',(-0.04475,-0.02108,-0.021614829342793));
#2631=CARTESIAN_POINT('',(0.,0.,0.));
#2632=CARTESIAN_POINT('',(-0.08525,-0.00108,-0.0385));
#2633=CARTESIAN_POINT('',(-0.08525,-0.02108,-0.0385));
#2634=CARTESIAN_POINT('',(-0.09,-0.02108,-0.0385));
#2635=CARTESIAN_POINT('',(-0.0805,-0.02108,-0.0385));
#2636=CARTESIAN_POINT('',(-0.0805,-0.00108,-0.0385));
#2637=CARTESIAN_POINT('',(-0.0805,-0.00108,-0.0385));
#2638=CARTESIAN_POINT('',(-0.08525,-0.00108,-0.0385));
#2639=CARTESIAN_POINT('',(-0.09,-0.00108,-0.0385));
#2640=CARTESIAN_POINT('',(-0.09,-0.00108,-0.0385));
#2641=CARTESIAN_POINT('',(-0.09,-0.00108,-0.019114829342793));
#2642=CARTESIAN_POINT('',(-0.09,-0.02108,-0.019114829342793));
#2643=CARTESIAN_POINT('',(-0.09,-0.02108,-0.049289658685586));
#2644=CARTESIAN_POINT('',(-0.09,-0.00108,-0.019114829342793));
#2645=CARTESIAN_POINT('',(-0.09,-0.00108,-0.049289658685586));
#2646=CARTESIAN_POINT('',(-0.09,-0.00108,-0.049289658685586));
#2647=CARTESIAN_POINT('',(-0.04475,-0.00108,-0.049289658685586));
#2648=CARTESIAN_POINT('',(-0.04475,-0.02108,-0.049289658685586));
#2649=CARTESIAN_POINT('',(-0.0805,-0.02108,-0.049289658685586));
#2650=CARTESIAN_POINT('',(-0.04475,-0.00108,-0.049289658685586));
#2651=CARTESIAN_POINT('',(-0.0805,-0.00108,-0.049289658685586));
#2652=CARTESIAN_POINT('',(-0.0805,-0.00108,-0.049289658685586));
#2653=CARTESIAN_POINT('',(-0.0805,-0.00108,-0.043894829342793));
#2654=CARTESIAN_POINT('',(-0.0805,-0.02108,-0.043894829342793));
#2655=CARTESIAN_POINT('',(-0.0805,-0.00108,-0.043894829342793));
#2656=CARTESIAN_POINT('',(-0.085,-0.00108,-0.043));
#2657=CARTESIAN_POINT('',(-0.085,-0.00108,-0.043));
#2658=CARTESIAN_POINT('',(-0.085,-0.00108,-0.0453));
#2659=CARTESIAN_POINT('',(-0.085,-0.02108,-0.043));
#2660=CARTESIAN_POINT('',(-0.085,-0.02108,-0.0453));
#2661=CARTESIAN_POINT('',(-0.04475,-0.00108,-0.021614829342793));
#2662=CARTESIAN_POINT('',(-0.04475,-0.02108,-0.021614829342793));
#2663=MECHANICAL_DESIGN_GEOMETRIC_PRESENTATION_REPRESENTATION('',(#1610),
#2669);
#2664=MECHANICAL_DESIGN_GEOMETRIC_PRESENTATION_REPRESENTATION('',(#1611),
#2670);
#2665=MECHANICAL_DESIGN_GEOMETRIC_PRESENTATION_REPRESENTATION('',(#1612),
#2671);
#2666=MECHANICAL_DESIGN_GEOMETRIC_PRESENTATION_REPRESENTATION('',(#1613),
#2672);
#2667=MECHANICAL_DESIGN_GEOMETRIC_PRESENTATION_REPRESENTATION('',(#1614),
#2673);
#2668=MECHANICAL_DESIGN_GEOMETRIC_PRESENTATION_REPRESENTATION('',(#1615),
#2674);
#2669=(
GEOMETRIC_REPRESENTATION_CONTEXT(3)
GLOBAL_UNCERTAINTY_ASSIGNED_CONTEXT((#2675))
GLOBAL_UNIT_ASSIGNED_CONTEXT((#2693,#2687,#2681))
REPRESENTATION_CONTEXT('Part 1','TOP_LEVEL_ASSEMBLY_PART')
);
#2670=(
GEOMETRIC_REPRESENTATION_CONTEXT(3)
GLOBAL_UNCERTAINTY_ASSIGNED_CONTEXT((#2676))
GLOBAL_UNIT_ASSIGNED_CONTEXT((#2694,#2688,#2682))
REPRESENTATION_CONTEXT('Part 6','TOP_LEVEL_ASSEMBLY_PART')
);
#2671=(
GEOMETRIC_REPRESENTATION_CONTEXT(3)
GLOBAL_UNCERTAINTY_ASSIGNED_CONTEXT((#2677))
GLOBAL_UNIT_ASSIGNED_CONTEXT((#2695,#2689,#2683))
REPRESENTATION_CONTEXT('Part 4','TOP_LEVEL_ASSEMBLY_PART')
);
#2672=(
GEOMETRIC_REPRESENTATION_CONTEXT(3)
GLOBAL_UNCERTAINTY_ASSIGNED_CONTEXT((#2678))
GLOBAL_UNIT_ASSIGNED_CONTEXT((#2696,#2690,#2684))
REPRESENTATION_CONTEXT('Part 2','TOP_LEVEL_ASSEMBLY_PART')
);
#2673=(
GEOMETRIC_REPRESENTATION_CONTEXT(3)
GLOBAL_UNCERTAINTY_ASSIGNED_CONTEXT((#2679))
GLOBAL_UNIT_ASSIGNED_CONTEXT((#2697,#2691,#2685))
REPRESENTATION_CONTEXT('Part 3','TOP_LEVEL_ASSEMBLY_PART')
);
#2674=(
GEOMETRIC_REPRESENTATION_CONTEXT(3)
GLOBAL_UNCERTAINTY_ASSIGNED_CONTEXT((#2680))
GLOBAL_UNIT_ASSIGNED_CONTEXT((#2698,#2692,#2686))
REPRESENTATION_CONTEXT('Part 5','TOP_LEVEL_ASSEMBLY_PART')
);
#2675=UNCERTAINTY_MEASURE_WITH_UNIT(LENGTH_MEASURE(1.E-8),#2693,
'DISTANCE_ACCURACY_VALUE','Maximum Tolerance applied to model');
#2676=UNCERTAINTY_MEASURE_WITH_UNIT(LENGTH_MEASURE(1.E-8),#2694,
'DISTANCE_ACCURACY_VALUE','Maximum Tolerance applied to model');
#2677=UNCERTAINTY_MEASURE_WITH_UNIT(LENGTH_MEASURE(1.E-8),#2695,
'DISTANCE_ACCURACY_VALUE','Maximum Tolerance applied to model');
#2678=UNCERTAINTY_MEASURE_WITH_UNIT(LENGTH_MEASURE(1.E-8),#2696,
'DISTANCE_ACCURACY_VALUE','Maximum Tolerance applied to model');
#2679=UNCERTAINTY_MEASURE_WITH_UNIT(LENGTH_MEASURE(1.E-8),#2697,
'DISTANCE_ACCURACY_VALUE','Maximum Tolerance applied to model');
#2680=UNCERTAINTY_MEASURE_WITH_UNIT(LENGTH_MEASURE(1.E-8),#2698,
'DISTANCE_ACCURACY_VALUE','Maximum Tolerance applied to model');
#2681=(
NAMED_UNIT(*)
SI_UNIT($,.STERADIAN.)
SOLID_ANGLE_UNIT()
);
#2682=(
NAMED_UNIT(*)
SI_UNIT($,.STERADIAN.)
SOLID_ANGLE_UNIT()
);
#2683=(
NAMED_UNIT(*)
SI_UNIT($,.STERADIAN.)
SOLID_ANGLE_UNIT()
);
#2684=(
NAMED_UNIT(*)
SI_UNIT($,.STERADIAN.)
SOLID_ANGLE_UNIT()
);
#2685=(
NAMED_UNIT(*)
SI_UNIT($,.STERADIAN.)
SOLID_ANGLE_UNIT()
);
#2686=(
NAMED_UNIT(*)
SI_UNIT($,.STERADIAN.)
SOLID_ANGLE_UNIT()
);
#2687=(
NAMED_UNIT(*)
PLANE_ANGLE_UNIT()
SI_UNIT($,.RADIAN.)
);
#2688=(
NAMED_UNIT(*)
PLANE_ANGLE_UNIT()
SI_UNIT($,.RADIAN.)
);
#2689=(
NAMED_UNIT(*)
PLANE_ANGLE_UNIT()
SI_UNIT($,.RADIAN.)
);
#2690=(
NAMED_UNIT(*)
PLANE_ANGLE_UNIT()
SI_UNIT($,.RADIAN.)
);
#2691=(
NAMED_UNIT(*)
PLANE_ANGLE_UNIT()
SI_UNIT($,.RADIAN.)
);
#2692=(
NAMED_UNIT(*)
PLANE_ANGLE_UNIT()
SI_UNIT($,.RADIAN.)
);
#2693=(
LENGTH_UNIT()
NAMED_UNIT(*)
SI_UNIT($,.METRE.)
);
#2694=(
LENGTH_UNIT()
NAMED_UNIT(*)
SI_UNIT($,.METRE.)
);
#2695=(
LENGTH_UNIT()
NAMED_UNIT(*)
SI_UNIT($,.METRE.)
);
#2696=(
LENGTH_UNIT()
NAMED_UNIT(*)
SI_UNIT($,.METRE.)
);
#2697=(
LENGTH_UNIT()
NAMED_UNIT(*)
SI_UNIT($,.METRE.)
);
#2698=(
LENGTH_UNIT()
NAMED_UNIT(*)
SI_UNIT($,.METRE.)
);
#2699=PRODUCT_DEFINITION_SHAPE('','',#2705);
#2700=PRODUCT_DEFINITION_SHAPE('','',#2706);
#2701=PRODUCT_DEFINITION_SHAPE('','',#2707);
#2702=PRODUCT_DEFINITION_SHAPE('','',#2708);
#2703=PRODUCT_DEFINITION_SHAPE('','',#2709);
#2704=PRODUCT_DEFINITION_SHAPE('','',#2710);
#2705=PRODUCT_DEFINITION('','',#2717,#2711);
#2706=PRODUCT_DEFINITION('','',#2718,#2712);
#2707=PRODUCT_DEFINITION('','',#2719,#2713);
#2708=PRODUCT_DEFINITION('','',#2720,#2714);
#2709=PRODUCT_DEFINITION('','',#2721,#2715);
#2710=PRODUCT_DEFINITION('','',#2722,#2716);
#2711=PRODUCT_DEFINITION_CONTEXT('',#2753,'design');
#2712=PRODUCT_DEFINITION_CONTEXT('',#2754,'design');
#2713=PRODUCT_DEFINITION_CONTEXT('',#2755,'design');
#2714=PRODUCT_DEFINITION_CONTEXT('',#2756,'design');
#2715=PRODUCT_DEFINITION_CONTEXT('',#2757,'design');
#2716=PRODUCT_DEFINITION_CONTEXT('',#2758,'design');
#2717=PRODUCT_DEFINITION_FORMATION_WITH_SPECIFIED_SOURCE('','',#2729,
 .NOT_KNOWN.);
#2718=PRODUCT_DEFINITION_FORMATION_WITH_SPECIFIED_SOURCE('','',#2730,
 .NOT_KNOWN.);
#2719=PRODUCT_DEFINITION_FORMATION_WITH_SPECIFIED_SOURCE('','',#2731,
 .NOT_KNOWN.);
#2720=PRODUCT_DEFINITION_FORMATION_WITH_SPECIFIED_SOURCE('','',#2732,
 .NOT_KNOWN.);
#2721=PRODUCT_DEFINITION_FORMATION_WITH_SPECIFIED_SOURCE('','',#2733,
 .NOT_KNOWN.);
#2722=PRODUCT_DEFINITION_FORMATION_WITH_SPECIFIED_SOURCE('','',#2734,
 .NOT_KNOWN.);
#2723=PRODUCT_RELATED_PRODUCT_CATEGORY('','',(#2729));
#2724=PRODUCT_RELATED_PRODUCT_CATEGORY('','',(#2730));
#2725=PRODUCT_RELATED_PRODUCT_CATEGORY('','',(#2731));
#2726=PRODUCT_RELATED_PRODUCT_CATEGORY('','',(#2732));
#2727=PRODUCT_RELATED_PRODUCT_CATEGORY('','',(#2733));
#2728=PRODUCT_RELATED_PRODUCT_CATEGORY('','',(#2734));
#2729=PRODUCT('Part 1','Part 1','Part 1',(#2741));
#2730=PRODUCT('Part 6','Part 6','Part 6',(#2742));
#2731=PRODUCT('Part 4','Part 4','Part 4',(#2743));
#2732=PRODUCT('Part 2','Part 2','Part 2',(#2744));
#2733=PRODUCT('Part 3','Part 3','Part 3',(#2745));
#2734=PRODUCT('Part 5','Part 5','Part 5',(#2746));
#2735=PRODUCT_CATEGORY('','');
#2736=PRODUCT_CATEGORY('','');
#2737=PRODUCT_CATEGORY('','');
#2738=PRODUCT_CATEGORY('','');
#2739=PRODUCT_CATEGORY('','');
#2740=PRODUCT_CATEGORY('','');
#2741=PRODUCT_CONTEXT('',#2753,'mechanical');
#2742=PRODUCT_CONTEXT('',#2754,'mechanical');
#2743=PRODUCT_CONTEXT('',#2755,'mechanical');
#2744=PRODUCT_CONTEXT('',#2756,'mechanical');
#2745=PRODUCT_CONTEXT('',#2757,'mechanical');
#2746=PRODUCT_CONTEXT('',#2758,'mechanical');
#2747=APPLICATION_PROTOCOL_DEFINITION('international standard',
'ap242_managed_model_based_3d_engineering',2020,#2753);
#2748=APPLICATION_PROTOCOL_DEFINITION('international standard',
'ap242_managed_model_based_3d_engineering',2020,#2754);
#2749=APPLICATION_PROTOCOL_DEFINITION('international standard',
'ap242_managed_model_based_3d_engineering',2020,#2755);
#2750=APPLICATION_PROTOCOL_DEFINITION('international standard',
'ap242_managed_model_based_3d_engineering',2020,#2756);
#2751=APPLICATION_PROTOCOL_DEFINITION('international standard',
'ap242_managed_model_based_3d_engineering',2020,#2757);
#2752=APPLICATION_PROTOCOL_DEFINITION('international standard',
'ap242_managed_model_based_3d_engineering',2020,#2758);
#2753=APPLICATION_CONTEXT('managed model based 3d engineering');
#2754=APPLICATION_CONTEXT('managed model based 3d engineering');
#2755=APPLICATION_CONTEXT('managed model based 3d engineering');
#2756=APPLICATION_CONTEXT('managed model based 3d engineering');
#2757=APPLICATION_CONTEXT('managed model based 3d engineering');
#2758=APPLICATION_CONTEXT('managed model based 3d engineering');
ENDSEC;
END-ISO-10303-21;
