ISO-10303-21;
HEADER;
/* Generated by software containing ST-Developer
 * from STEP Tools, Inc. (www.steptools.com) 
 */
/* OPTION: using custom renumber hook */

FILE_DESCRIPTION(
/* description */ ('STEP AP242 Edition 2',
'CAx-IF Rec.Pracs.---Representation and Presentation of Product Manufa
cturing Information (PMI)---4.0---2014-10-13',
'CAx-IF Rec.Pracs.---3D Tessellated Geometry---0.4---2014-09-14','2;1',
'CAx-IF Rec.Pracs.---User Defined Attributes---1.5---2016-08-15'),
/* implementation_level */ '2;1');

FILE_NAME(
/* name */ 'Part Studio 1',
/* time_stamp */ '2026-09-20T09:39:21Z',
/* author */ (''),
/* organization */ (''),
/* preprocessor_version */ 'ST-DEVELOPER v20',
/* originating_system */ 'ONSHAPE BY PTC INC, 1.221',
/* authorisation */ '  ');

FILE_SCHEMA (('AP242_MANAGED_MODEL_BASED_3D_ENGINEERING_MIM_LF { 1 0 10303 442 3 1 4 }'));
ENDSEC;

DATA;
#10=SHAPE_REPRESENTATION_RELATIONSHIP('','',#2018,#17);
#11=SHAPE_REPRESENTATION_RELATIONSHIP('','',#2019,#18);
#12=SHAPE_REPRESENTATION_RELATIONSHIP('','',#2020,#19);
#13=SHAPE_REPRESENTATION_RELATIONSHIP('','',#2021,#20);
#14=SHAPE_REPRESENTATION_RELATIONSHIP('','',#2022,#21);
#15=SHAPE_REPRESENTATION_RELATIONSHIP('','',#2023,#22);
#16=SHAPE_REPRESENTATION_RELATIONSHIP('','',#2024,#23);
#17=ADVANCED_BREP_SHAPE_REPRESENTATION('',(#2004),#3248);
#18=ADVANCED_BREP_SHAPE_REPRESENTATION('',(#2005),#3249);
#19=ADVANCED_BREP_SHAPE_REPRESENTATION('',(#2006),#3250);
#20=ADVANCED_BREP_SHAPE_REPRESENTATION('',(#2007),#3251);
#21=ADVANCED_BREP_SHAPE_REPRESENTATION('',(#2008),#3252);
#22=ADVANCED_BREP_SHAPE_REPRESENTATION('',(#2009),#3253);
#23=ADVANCED_BREP_SHAPE_REPRESENTATION('',(#2010),#3254);
#24=CIRCLE('',#2030,0.0016);
#25=CIRCLE('',#2031,0.0016);
#26=CIRCLE('',#2041,0.0023);
#27=CIRCLE('',#2042,0.0023);
#28=CIRCLE('',#2061,0.0016);
#29=CIRCLE('',#2062,0.0016);
#30=CIRCLE('',#2064,0.0016);
#31=CIRCLE('',#2065,0.0016);
#32=CIRCLE('',#2067,0.0016);
#33=CIRCLE('',#2068,0.0016);
#34=CIRCLE('',#2070,0.0016);
#35=CIRCLE('',#2071,0.0016);
#36=CIRCLE('',#2074,0.00381);
#37=CIRCLE('',#2075,0.00381);
#38=CIRCLE('',#2076,0.00381);
#39=CIRCLE('',#2077,0.00381);
#40=CIRCLE('',#2079,0.00381);
#41=CIRCLE('',#2080,0.00381);
#42=CIRCLE('',#2081,0.00381);
#43=CIRCLE('',#2082,0.00381);
#44=CIRCLE('',#2093,0.0016);
#45=CIRCLE('',#2094,0.0016);
#46=CIRCLE('',#2108,0.00381);
#47=CIRCLE('',#2109,0.00381);
#48=CIRCLE('',#2110,0.00381);
#49=CIRCLE('',#2111,0.00381);
#50=CIRCLE('',#2113,0.0023);
#51=CIRCLE('',#2114,0.0023);
#52=CIRCLE('',#2115,0.0023);
#53=CIRCLE('',#2116,0.0023);
#54=CIRCLE('',#2117,0.00381);
#55=CIRCLE('',#2118,0.00381);
#56=CIRCLE('',#2119,0.00381);
#57=CIRCLE('',#2120,0.00381);
#58=CIRCLE('',#2129,0.0023);
#59=CIRCLE('',#2132,0.0023);
#60=CIRCLE('',#2135,0.0023);
#61=CIRCLE('',#2138,0.0023);
#62=CIRCLE('',#2175,0.0023);
#63=CIRCLE('',#2176,0.0023);
#64=CYLINDRICAL_SURFACE('',#2029,0.0016);
#65=CYLINDRICAL_SURFACE('',#2040,0.0023);
#66=CYLINDRICAL_SURFACE('',#2060,0.0016);
#67=CYLINDRICAL_SURFACE('',#2063,0.0016);
#68=CYLINDRICAL_SURFACE('',#2066,0.0016);
#69=CYLINDRICAL_SURFACE('',#2069,0.0016);
#70=CYLINDRICAL_SURFACE('',#2083,0.00381);
#71=CYLINDRICAL_SURFACE('',#2084,0.00381);
#72=CYLINDRICAL_SURFACE('',#2085,0.00381);
#73=CYLINDRICAL_SURFACE('',#2086,0.00381);
#74=CYLINDRICAL_SURFACE('',#2092,0.0016);
#75=CYLINDRICAL_SURFACE('',#2128,0.0023);
#76=CYLINDRICAL_SURFACE('',#2131,0.0023);
#77=CYLINDRICAL_SURFACE('',#2134,0.0023);
#78=CYLINDRICAL_SURFACE('',#2137,0.0023);
#79=CYLINDRICAL_SURFACE('',#2165,0.00381);
#80=CYLINDRICAL_SURFACE('',#2166,0.00381);
#81=CYLINDRICAL_SURFACE('',#2167,0.00381);
#82=CYLINDRICAL_SURFACE('',#2168,0.00381);
#83=CYLINDRICAL_SURFACE('',#2174,0.0023);
#84=ORIENTED_EDGE('',*,*,#588,.F.);
#85=ORIENTED_EDGE('',*,*,#589,.F.);
#86=ORIENTED_EDGE('',*,*,#590,.T.);
#87=ORIENTED_EDGE('',*,*,#591,.T.);
#88=ORIENTED_EDGE('',*,*,#592,.F.);
#89=ORIENTED_EDGE('',*,*,#591,.F.);
#90=ORIENTED_EDGE('',*,*,#593,.T.);
#91=ORIENTED_EDGE('',*,*,#594,.T.);
#92=ORIENTED_EDGE('',*,*,#595,.T.);
#93=ORIENTED_EDGE('',*,*,#594,.F.);
#94=ORIENTED_EDGE('',*,*,#596,.F.);
#95=ORIENTED_EDGE('',*,*,#597,.T.);
#96=ORIENTED_EDGE('',*,*,#598,.F.);
#97=ORIENTED_EDGE('',*,*,#599,.T.);
#98=ORIENTED_EDGE('',*,*,#600,.F.);
#99=ORIENTED_EDGE('',*,*,#597,.F.);
#100=ORIENTED_EDGE('',*,*,#601,.T.);
#101=ORIENTED_EDGE('',*,*,#589,.T.);
#102=ORIENTED_EDGE('',*,*,#598,.T.);
#103=ORIENTED_EDGE('',*,*,#590,.F.);
#104=ORIENTED_EDGE('',*,*,#601,.F.);
#105=ORIENTED_EDGE('',*,*,#596,.T.);
#106=ORIENTED_EDGE('',*,*,#593,.F.);
#107=ORIENTED_EDGE('',*,*,#599,.F.);
#108=ORIENTED_EDGE('',*,*,#588,.T.);
#109=ORIENTED_EDGE('',*,*,#592,.T.);
#110=ORIENTED_EDGE('',*,*,#595,.F.);
#111=ORIENTED_EDGE('',*,*,#600,.T.);
#112=ORIENTED_EDGE('',*,*,#602,.T.);
#113=ORIENTED_EDGE('',*,*,#603,.F.);
#114=ORIENTED_EDGE('',*,*,#604,.F.);
#115=ORIENTED_EDGE('',*,*,#605,.T.);
#116=ORIENTED_EDGE('',*,*,#606,.T.);
#117=ORIENTED_EDGE('',*,*,#605,.F.);
#118=ORIENTED_EDGE('',*,*,#607,.F.);
#119=ORIENTED_EDGE('',*,*,#608,.T.);
#120=ORIENTED_EDGE('',*,*,#609,.F.);
#121=ORIENTED_EDGE('',*,*,#608,.F.);
#122=ORIENTED_EDGE('',*,*,#610,.T.);
#123=ORIENTED_EDGE('',*,*,#611,.T.);
#124=ORIENTED_EDGE('',*,*,#612,.T.);
#125=ORIENTED_EDGE('',*,*,#611,.F.);
#126=ORIENTED_EDGE('',*,*,#613,.F.);
#127=ORIENTED_EDGE('',*,*,#603,.T.);
#128=ORIENTED_EDGE('',*,*,#614,.F.);
#129=ORIENTED_EDGE('',*,*,#615,.T.);
#130=ORIENTED_EDGE('',*,*,#604,.T.);
#131=ORIENTED_EDGE('',*,*,#613,.T.);
#132=ORIENTED_EDGE('',*,*,#610,.F.);
#133=ORIENTED_EDGE('',*,*,#607,.T.);
#134=ORIENTED_EDGE('',*,*,#614,.T.);
#135=ORIENTED_EDGE('',*,*,#602,.F.);
#136=ORIENTED_EDGE('',*,*,#606,.F.);
#137=ORIENTED_EDGE('',*,*,#609,.T.);
#138=ORIENTED_EDGE('',*,*,#612,.F.);
#139=ORIENTED_EDGE('',*,*,#615,.F.);
#140=ORIENTED_EDGE('',*,*,#616,.F.);
#141=ORIENTED_EDGE('',*,*,#617,.F.);
#142=ORIENTED_EDGE('',*,*,#618,.T.);
#143=ORIENTED_EDGE('',*,*,#619,.T.);
#144=ORIENTED_EDGE('',*,*,#620,.T.);
#145=ORIENTED_EDGE('',*,*,#621,.F.);
#146=ORIENTED_EDGE('',*,*,#622,.F.);
#147=ORIENTED_EDGE('',*,*,#617,.T.);
#148=ORIENTED_EDGE('',*,*,#623,.T.);
#149=ORIENTED_EDGE('',*,*,#624,.F.);
#150=ORIENTED_EDGE('',*,*,#625,.F.);
#151=ORIENTED_EDGE('',*,*,#621,.T.);
#152=ORIENTED_EDGE('',*,*,#626,.F.);
#153=ORIENTED_EDGE('',*,*,#619,.F.);
#154=ORIENTED_EDGE('',*,*,#627,.T.);
#155=ORIENTED_EDGE('',*,*,#624,.T.);
#156=ORIENTED_EDGE('',*,*,#618,.F.);
#157=ORIENTED_EDGE('',*,*,#622,.T.);
#158=ORIENTED_EDGE('',*,*,#625,.T.);
#159=ORIENTED_EDGE('',*,*,#627,.F.);
#160=ORIENTED_EDGE('',*,*,#616,.T.);
#161=ORIENTED_EDGE('',*,*,#626,.T.);
#162=ORIENTED_EDGE('',*,*,#623,.F.);
#163=ORIENTED_EDGE('',*,*,#620,.F.);
#164=ORIENTED_EDGE('',*,*,#628,.F.);
#165=ORIENTED_EDGE('',*,*,#629,.T.);
#166=ORIENTED_EDGE('',*,*,#630,.T.);
#167=ORIENTED_EDGE('',*,*,#631,.T.);
#168=ORIENTED_EDGE('',*,*,#632,.F.);
#169=ORIENTED_EDGE('',*,*,#633,.T.);
#170=ORIENTED_EDGE('',*,*,#634,.T.);
#171=ORIENTED_EDGE('',*,*,#635,.T.);
#172=ORIENTED_EDGE('',*,*,#636,.F.);
#173=ORIENTED_EDGE('',*,*,#637,.T.);
#174=ORIENTED_EDGE('',*,*,#638,.T.);
#175=ORIENTED_EDGE('',*,*,#639,.T.);
#176=ORIENTED_EDGE('',*,*,#640,.F.);
#177=ORIENTED_EDGE('',*,*,#641,.F.);
#178=ORIENTED_EDGE('',*,*,#642,.T.);
#179=ORIENTED_EDGE('',*,*,#643,.T.);
#180=ORIENTED_EDGE('',*,*,#644,.T.);
#181=ORIENTED_EDGE('',*,*,#645,.F.);
#182=ORIENTED_EDGE('',*,*,#646,.F.);
#183=ORIENTED_EDGE('',*,*,#641,.T.);
#184=ORIENTED_EDGE('',*,*,#647,.T.);
#185=ORIENTED_EDGE('',*,*,#648,.F.);
#186=ORIENTED_EDGE('',*,*,#649,.F.);
#187=ORIENTED_EDGE('',*,*,#645,.T.);
#188=ORIENTED_EDGE('',*,*,#650,.F.);
#189=ORIENTED_EDGE('',*,*,#643,.F.);
#190=ORIENTED_EDGE('',*,*,#651,.T.);
#191=ORIENTED_EDGE('',*,*,#648,.T.);
#192=ORIENTED_EDGE('',*,*,#652,.T.);
#193=ORIENTED_EDGE('',*,*,#653,.F.);
#194=ORIENTED_EDGE('',*,*,#654,.T.);
#195=ORIENTED_EDGE('',*,*,#655,.F.);
#196=ORIENTED_EDGE('',*,*,#656,.T.);
#197=ORIENTED_EDGE('',*,*,#657,.F.);
#198=ORIENTED_EDGE('',*,*,#658,.T.);
#199=ORIENTED_EDGE('',*,*,#659,.F.);
#200=ORIENTED_EDGE('',*,*,#660,.F.);
#201=ORIENTED_EDGE('',*,*,#661,.T.);
#202=ORIENTED_EDGE('',*,*,#662,.T.);
#203=ORIENTED_EDGE('',*,*,#663,.T.);
#204=ORIENTED_EDGE('',*,*,#658,.F.);
#205=ORIENTED_EDGE('',*,*,#656,.F.);
#206=ORIENTED_EDGE('',*,*,#654,.F.);
#207=ORIENTED_EDGE('',*,*,#652,.F.);
#208=ORIENTED_EDGE('',*,*,#642,.F.);
#209=ORIENTED_EDGE('',*,*,#646,.T.);
#210=ORIENTED_EDGE('',*,*,#649,.T.);
#211=ORIENTED_EDGE('',*,*,#651,.F.);
#212=ORIENTED_EDGE('',*,*,#630,.F.);
#213=ORIENTED_EDGE('',*,*,#664,.T.);
#214=ORIENTED_EDGE('',*,*,#632,.T.);
#215=ORIENTED_EDGE('',*,*,#665,.T.);
#216=ORIENTED_EDGE('',*,*,#636,.T.);
#217=ORIENTED_EDGE('',*,*,#666,.T.);
#218=ORIENTED_EDGE('',*,*,#662,.F.);
#219=ORIENTED_EDGE('',*,*,#667,.T.);
#220=ORIENTED_EDGE('',*,*,#659,.T.);
#221=ORIENTED_EDGE('',*,*,#657,.T.);
#222=ORIENTED_EDGE('',*,*,#655,.T.);
#223=ORIENTED_EDGE('',*,*,#653,.T.);
#224=ORIENTED_EDGE('',*,*,#640,.T.);
#225=ORIENTED_EDGE('',*,*,#650,.T.);
#226=ORIENTED_EDGE('',*,*,#647,.F.);
#227=ORIENTED_EDGE('',*,*,#644,.F.);
#228=ORIENTED_EDGE('',*,*,#634,.F.);
#229=ORIENTED_EDGE('',*,*,#668,.T.);
#230=ORIENTED_EDGE('',*,*,#628,.T.);
#231=ORIENTED_EDGE('',*,*,#669,.T.);
#232=ORIENTED_EDGE('',*,*,#660,.T.);
#233=ORIENTED_EDGE('',*,*,#670,.T.);
#234=ORIENTED_EDGE('',*,*,#638,.F.);
#235=ORIENTED_EDGE('',*,*,#671,.T.);
#236=ORIENTED_EDGE('',*,*,#664,.F.);
#237=ORIENTED_EDGE('',*,*,#629,.F.);
#238=ORIENTED_EDGE('',*,*,#668,.F.);
#239=ORIENTED_EDGE('',*,*,#633,.F.);
#240=ORIENTED_EDGE('',*,*,#665,.F.);
#241=ORIENTED_EDGE('',*,*,#635,.F.);
#242=ORIENTED_EDGE('',*,*,#671,.F.);
#243=ORIENTED_EDGE('',*,*,#637,.F.);
#244=ORIENTED_EDGE('',*,*,#667,.F.);
#245=ORIENTED_EDGE('',*,*,#661,.F.);
#246=ORIENTED_EDGE('',*,*,#669,.F.);
#247=ORIENTED_EDGE('',*,*,#631,.F.);
#248=ORIENTED_EDGE('',*,*,#666,.F.);
#249=ORIENTED_EDGE('',*,*,#639,.F.);
#250=ORIENTED_EDGE('',*,*,#670,.F.);
#251=ORIENTED_EDGE('',*,*,#663,.F.);
#252=ORIENTED_EDGE('',*,*,#672,.T.);
#253=ORIENTED_EDGE('',*,*,#673,.F.);
#254=ORIENTED_EDGE('',*,*,#674,.F.);
#255=ORIENTED_EDGE('',*,*,#675,.T.);
#256=ORIENTED_EDGE('',*,*,#676,.F.);
#257=ORIENTED_EDGE('',*,*,#675,.F.);
#258=ORIENTED_EDGE('',*,*,#677,.T.);
#259=ORIENTED_EDGE('',*,*,#678,.T.);
#260=ORIENTED_EDGE('',*,*,#679,.F.);
#261=ORIENTED_EDGE('',*,*,#678,.F.);
#262=ORIENTED_EDGE('',*,*,#680,.T.);
#263=ORIENTED_EDGE('',*,*,#681,.T.);
#264=ORIENTED_EDGE('',*,*,#682,.T.);
#265=ORIENTED_EDGE('',*,*,#681,.F.);
#266=ORIENTED_EDGE('',*,*,#683,.F.);
#267=ORIENTED_EDGE('',*,*,#673,.T.);
#268=ORIENTED_EDGE('',*,*,#684,.F.);
#269=ORIENTED_EDGE('',*,*,#685,.T.);
#270=ORIENTED_EDGE('',*,*,#674,.T.);
#271=ORIENTED_EDGE('',*,*,#683,.T.);
#272=ORIENTED_EDGE('',*,*,#680,.F.);
#273=ORIENTED_EDGE('',*,*,#677,.F.);
#274=ORIENTED_EDGE('',*,*,#684,.T.);
#275=ORIENTED_EDGE('',*,*,#672,.F.);
#276=ORIENTED_EDGE('',*,*,#676,.T.);
#277=ORIENTED_EDGE('',*,*,#679,.T.);
#278=ORIENTED_EDGE('',*,*,#682,.F.);
#279=ORIENTED_EDGE('',*,*,#685,.F.);
#280=ORIENTED_EDGE('',*,*,#686,.T.);
#281=ORIENTED_EDGE('',*,*,#687,.F.);
#282=ORIENTED_EDGE('',*,*,#688,.F.);
#283=ORIENTED_EDGE('',*,*,#689,.T.);
#284=ORIENTED_EDGE('',*,*,#690,.F.);
#285=ORIENTED_EDGE('',*,*,#691,.F.);
#286=ORIENTED_EDGE('',*,*,#692,.T.);
#287=ORIENTED_EDGE('',*,*,#693,.T.);
#288=ORIENTED_EDGE('',*,*,#694,.F.);
#289=ORIENTED_EDGE('',*,*,#695,.T.);
#290=ORIENTED_EDGE('',*,*,#696,.T.);
#291=ORIENTED_EDGE('',*,*,#697,.T.);
#292=ORIENTED_EDGE('',*,*,#698,.T.);
#293=ORIENTED_EDGE('',*,*,#699,.T.);
#294=ORIENTED_EDGE('',*,*,#700,.F.);
#295=ORIENTED_EDGE('',*,*,#701,.F.);
#296=ORIENTED_EDGE('',*,*,#702,.T.);
#297=ORIENTED_EDGE('',*,*,#703,.T.);
#298=ORIENTED_EDGE('',*,*,#704,.F.);
#299=ORIENTED_EDGE('',*,*,#705,.F.);
#300=ORIENTED_EDGE('',*,*,#706,.F.);
#301=ORIENTED_EDGE('',*,*,#707,.T.);
#302=ORIENTED_EDGE('',*,*,#708,.T.);
#303=ORIENTED_EDGE('',*,*,#709,.T.);
#304=ORIENTED_EDGE('',*,*,#710,.T.);
#305=ORIENTED_EDGE('',*,*,#711,.T.);
#306=ORIENTED_EDGE('',*,*,#712,.F.);
#307=ORIENTED_EDGE('',*,*,#713,.F.);
#308=ORIENTED_EDGE('',*,*,#714,.T.);
#309=ORIENTED_EDGE('',*,*,#715,.T.);
#310=ORIENTED_EDGE('',*,*,#716,.F.);
#311=ORIENTED_EDGE('',*,*,#717,.F.);
#312=ORIENTED_EDGE('',*,*,#718,.F.);
#313=ORIENTED_EDGE('',*,*,#719,.F.);
#314=ORIENTED_EDGE('',*,*,#720,.F.);
#315=ORIENTED_EDGE('',*,*,#686,.F.);
#316=ORIENTED_EDGE('',*,*,#721,.T.);
#317=ORIENTED_EDGE('',*,*,#722,.T.);
#318=ORIENTED_EDGE('',*,*,#723,.F.);
#319=ORIENTED_EDGE('',*,*,#724,.F.);
#320=ORIENTED_EDGE('',*,*,#725,.T.);
#321=ORIENTED_EDGE('',*,*,#726,.T.);
#322=ORIENTED_EDGE('',*,*,#727,.F.);
#323=ORIENTED_EDGE('',*,*,#728,.F.);
#324=ORIENTED_EDGE('',*,*,#729,.T.);
#325=ORIENTED_EDGE('',*,*,#730,.T.);
#326=ORIENTED_EDGE('',*,*,#731,.F.);
#327=ORIENTED_EDGE('',*,*,#732,.F.);
#328=ORIENTED_EDGE('',*,*,#733,.T.);
#329=ORIENTED_EDGE('',*,*,#734,.T.);
#330=ORIENTED_EDGE('',*,*,#735,.T.);
#331=ORIENTED_EDGE('',*,*,#736,.T.);
#332=ORIENTED_EDGE('',*,*,#722,.F.);
#333=ORIENTED_EDGE('',*,*,#737,.F.);
#334=ORIENTED_EDGE('',*,*,#738,.T.);
#335=ORIENTED_EDGE('',*,*,#739,.T.);
#336=ORIENTED_EDGE('',*,*,#740,.F.);
#337=ORIENTED_EDGE('',*,*,#741,.T.);
#338=ORIENTED_EDGE('',*,*,#742,.F.);
#339=ORIENTED_EDGE('',*,*,#743,.T.);
#340=ORIENTED_EDGE('',*,*,#744,.T.);
#341=ORIENTED_EDGE('',*,*,#745,.F.);
#342=ORIENTED_EDGE('',*,*,#746,.F.);
#343=ORIENTED_EDGE('',*,*,#747,.T.);
#344=ORIENTED_EDGE('',*,*,#748,.T.);
#345=ORIENTED_EDGE('',*,*,#749,.T.);
#346=ORIENTED_EDGE('',*,*,#750,.F.);
#347=ORIENTED_EDGE('',*,*,#751,.T.);
#348=ORIENTED_EDGE('',*,*,#752,.T.);
#349=ORIENTED_EDGE('',*,*,#753,.F.);
#350=ORIENTED_EDGE('',*,*,#754,.F.);
#351=ORIENTED_EDGE('',*,*,#755,.F.);
#352=ORIENTED_EDGE('',*,*,#756,.T.);
#353=ORIENTED_EDGE('',*,*,#757,.T.);
#354=ORIENTED_EDGE('',*,*,#758,.F.);
#355=ORIENTED_EDGE('',*,*,#759,.T.);
#356=ORIENTED_EDGE('',*,*,#760,.T.);
#357=ORIENTED_EDGE('',*,*,#761,.F.);
#358=ORIENTED_EDGE('',*,*,#762,.T.);
#359=ORIENTED_EDGE('',*,*,#763,.T.);
#360=ORIENTED_EDGE('',*,*,#738,.F.);
#361=ORIENTED_EDGE('',*,*,#764,.F.);
#362=ORIENTED_EDGE('',*,*,#688,.T.);
#363=ORIENTED_EDGE('',*,*,#765,.T.);
#364=ORIENTED_EDGE('',*,*,#766,.F.);
#365=ORIENTED_EDGE('',*,*,#767,.T.);
#366=ORIENTED_EDGE('',*,*,#768,.T.);
#367=ORIENTED_EDGE('',*,*,#769,.T.);
#368=ORIENTED_EDGE('',*,*,#768,.F.);
#369=ORIENTED_EDGE('',*,*,#770,.T.);
#370=ORIENTED_EDGE('',*,*,#694,.T.);
#371=ORIENTED_EDGE('',*,*,#771,.T.);
#372=ORIENTED_EDGE('',*,*,#706,.T.);
#373=ORIENTED_EDGE('',*,*,#772,.T.);
#374=ORIENTED_EDGE('',*,*,#748,.F.);
#375=ORIENTED_EDGE('',*,*,#773,.T.);
#376=ORIENTED_EDGE('',*,*,#689,.F.);
#377=ORIENTED_EDGE('',*,*,#764,.T.);
#378=ORIENTED_EDGE('',*,*,#737,.T.);
#379=ORIENTED_EDGE('',*,*,#721,.F.);
#380=ORIENTED_EDGE('',*,*,#774,.F.);
#381=ORIENTED_EDGE('',*,*,#775,.F.);
#382=ORIENTED_EDGE('',*,*,#776,.F.);
#383=ORIENTED_EDGE('',*,*,#777,.F.);
#384=ORIENTED_EDGE('',*,*,#696,.F.);
#385=ORIENTED_EDGE('',*,*,#778,.T.);
#386=ORIENTED_EDGE('',*,*,#766,.T.);
#387=ORIENTED_EDGE('',*,*,#779,.T.);
#388=ORIENTED_EDGE('',*,*,#746,.T.);
#389=ORIENTED_EDGE('',*,*,#780,.T.);
#390=ORIENTED_EDGE('',*,*,#708,.F.);
#391=ORIENTED_EDGE('',*,*,#781,.T.);
#392=ORIENTED_EDGE('',*,*,#687,.T.);
#393=ORIENTED_EDGE('',*,*,#720,.T.);
#394=ORIENTED_EDGE('',*,*,#782,.T.);
#395=ORIENTED_EDGE('',*,*,#783,.F.);
#396=ORIENTED_EDGE('',*,*,#741,.F.);
#397=ORIENTED_EDGE('',*,*,#784,.T.);
#398=ORIENTED_EDGE('',*,*,#756,.F.);
#399=ORIENTED_EDGE('',*,*,#785,.T.);
#400=ORIENTED_EDGE('',*,*,#786,.T.);
#401=ORIENTED_EDGE('',*,*,#765,.F.);
#402=ORIENTED_EDGE('',*,*,#787,.T.);
#403=ORIENTED_EDGE('',*,*,#788,.F.);
#404=ORIENTED_EDGE('',*,*,#782,.F.);
#405=ORIENTED_EDGE('',*,*,#719,.T.);
#406=ORIENTED_EDGE('',*,*,#789,.F.);
#407=ORIENTED_EDGE('',*,*,#735,.F.);
#408=ORIENTED_EDGE('',*,*,#783,.T.);
#409=ORIENTED_EDGE('',*,*,#788,.T.);
#410=ORIENTED_EDGE('',*,*,#787,.F.);
#411=ORIENTED_EDGE('',*,*,#718,.T.);
#412=ORIENTED_EDGE('',*,*,#736,.F.);
#413=ORIENTED_EDGE('',*,*,#789,.T.);
#414=ORIENTED_EDGE('',*,*,#790,.T.);
#415=ORIENTED_EDGE('',*,*,#791,.F.);
#416=ORIENTED_EDGE('',*,*,#785,.F.);
#417=ORIENTED_EDGE('',*,*,#755,.T.);
#418=ORIENTED_EDGE('',*,*,#792,.T.);
#419=ORIENTED_EDGE('',*,*,#757,.F.);
#420=ORIENTED_EDGE('',*,*,#784,.F.);
#421=ORIENTED_EDGE('',*,*,#740,.T.);
#422=ORIENTED_EDGE('',*,*,#793,.T.);
#423=ORIENTED_EDGE('',*,*,#762,.F.);
#424=ORIENTED_EDGE('',*,*,#786,.F.);
#425=ORIENTED_EDGE('',*,*,#791,.T.);
#426=ORIENTED_EDGE('',*,*,#790,.F.);
#427=ORIENTED_EDGE('',*,*,#754,.T.);
#428=ORIENTED_EDGE('',*,*,#792,.F.);
#429=ORIENTED_EDGE('',*,*,#739,.F.);
#430=ORIENTED_EDGE('',*,*,#763,.F.);
#431=ORIENTED_EDGE('',*,*,#793,.F.);
#432=ORIENTED_EDGE('',*,*,#794,.F.);
#433=ORIENTED_EDGE('',*,*,#777,.T.);
#434=ORIENTED_EDGE('',*,*,#794,.T.);
#435=ORIENTED_EDGE('',*,*,#795,.F.);
#436=ORIENTED_EDGE('',*,*,#776,.T.);
#437=ORIENTED_EDGE('',*,*,#795,.T.);
#438=ORIENTED_EDGE('',*,*,#796,.F.);
#439=ORIENTED_EDGE('',*,*,#775,.T.);
#440=ORIENTED_EDGE('',*,*,#796,.T.);
#441=ORIENTED_EDGE('',*,*,#797,.F.);
#442=ORIENTED_EDGE('',*,*,#774,.T.);
#443=ORIENTED_EDGE('',*,*,#797,.T.);
#444=ORIENTED_EDGE('',*,*,#798,.F.);
#445=ORIENTED_EDGE('',*,*,#799,.T.);
#446=ORIENTED_EDGE('',*,*,#800,.T.);
#447=ORIENTED_EDGE('',*,*,#801,.F.);
#448=ORIENTED_EDGE('',*,*,#802,.F.);
#449=ORIENTED_EDGE('',*,*,#801,.T.);
#450=ORIENTED_EDGE('',*,*,#803,.T.);
#451=ORIENTED_EDGE('',*,*,#760,.F.);
#452=ORIENTED_EDGE('',*,*,#761,.T.);
#453=ORIENTED_EDGE('',*,*,#803,.F.);
#454=ORIENTED_EDGE('',*,*,#800,.F.);
#455=ORIENTED_EDGE('',*,*,#804,.T.);
#456=ORIENTED_EDGE('',*,*,#758,.T.);
#457=ORIENTED_EDGE('',*,*,#804,.F.);
#458=ORIENTED_EDGE('',*,*,#799,.F.);
#459=ORIENTED_EDGE('',*,*,#805,.T.);
#460=ORIENTED_EDGE('',*,*,#805,.F.);
#461=ORIENTED_EDGE('',*,*,#798,.T.);
#462=ORIENTED_EDGE('',*,*,#802,.T.);
#463=ORIENTED_EDGE('',*,*,#759,.F.);
#464=ORIENTED_EDGE('',*,*,#742,.T.);
#465=ORIENTED_EDGE('',*,*,#806,.T.);
#466=ORIENTED_EDGE('',*,*,#751,.F.);
#467=ORIENTED_EDGE('',*,*,#807,.F.);
#468=ORIENTED_EDGE('',*,*,#807,.T.);
#469=ORIENTED_EDGE('',*,*,#750,.T.);
#470=ORIENTED_EDGE('',*,*,#808,.F.);
#471=ORIENTED_EDGE('',*,*,#743,.F.);
#472=ORIENTED_EDGE('',*,*,#808,.T.);
#473=ORIENTED_EDGE('',*,*,#753,.T.);
#474=ORIENTED_EDGE('',*,*,#809,.F.);
#475=ORIENTED_EDGE('',*,*,#744,.F.);
#476=ORIENTED_EDGE('',*,*,#745,.T.);
#477=ORIENTED_EDGE('',*,*,#809,.T.);
#478=ORIENTED_EDGE('',*,*,#752,.F.);
#479=ORIENTED_EDGE('',*,*,#806,.F.);
#480=ORIENTED_EDGE('',*,*,#710,.F.);
#481=ORIENTED_EDGE('',*,*,#810,.F.);
#482=ORIENTED_EDGE('',*,*,#724,.T.);
#483=ORIENTED_EDGE('',*,*,#811,.T.);
#484=ORIENTED_EDGE('',*,*,#713,.T.);
#485=ORIENTED_EDGE('',*,*,#812,.F.);
#486=ORIENTED_EDGE('',*,*,#725,.F.);
#487=ORIENTED_EDGE('',*,*,#810,.T.);
#488=ORIENTED_EDGE('',*,*,#712,.T.);
#489=ORIENTED_EDGE('',*,*,#813,.F.);
#490=ORIENTED_EDGE('',*,*,#726,.F.);
#491=ORIENTED_EDGE('',*,*,#812,.T.);
#492=ORIENTED_EDGE('',*,*,#711,.F.);
#493=ORIENTED_EDGE('',*,*,#811,.F.);
#494=ORIENTED_EDGE('',*,*,#723,.T.);
#495=ORIENTED_EDGE('',*,*,#813,.T.);
#496=ORIENTED_EDGE('',*,*,#702,.F.);
#497=ORIENTED_EDGE('',*,*,#814,.F.);
#498=ORIENTED_EDGE('',*,*,#728,.T.);
#499=ORIENTED_EDGE('',*,*,#815,.T.);
#500=ORIENTED_EDGE('',*,*,#705,.T.);
#501=ORIENTED_EDGE('',*,*,#816,.F.);
#502=ORIENTED_EDGE('',*,*,#729,.F.);
#503=ORIENTED_EDGE('',*,*,#814,.T.);
#504=ORIENTED_EDGE('',*,*,#704,.T.);
#505=ORIENTED_EDGE('',*,*,#817,.F.);
#506=ORIENTED_EDGE('',*,*,#730,.F.);
#507=ORIENTED_EDGE('',*,*,#816,.T.);
#508=ORIENTED_EDGE('',*,*,#703,.F.);
#509=ORIENTED_EDGE('',*,*,#815,.F.);
#510=ORIENTED_EDGE('',*,*,#727,.T.);
#511=ORIENTED_EDGE('',*,*,#817,.T.);
#512=ORIENTED_EDGE('',*,*,#714,.F.);
#513=ORIENTED_EDGE('',*,*,#818,.F.);
#514=ORIENTED_EDGE('',*,*,#732,.T.);
#515=ORIENTED_EDGE('',*,*,#819,.T.);
#516=ORIENTED_EDGE('',*,*,#717,.T.);
#517=ORIENTED_EDGE('',*,*,#820,.F.);
#518=ORIENTED_EDGE('',*,*,#733,.F.);
#519=ORIENTED_EDGE('',*,*,#818,.T.);
#520=ORIENTED_EDGE('',*,*,#716,.T.);
#521=ORIENTED_EDGE('',*,*,#821,.F.);
#522=ORIENTED_EDGE('',*,*,#734,.F.);
#523=ORIENTED_EDGE('',*,*,#820,.T.);
#524=ORIENTED_EDGE('',*,*,#715,.F.);
#525=ORIENTED_EDGE('',*,*,#819,.F.);
#526=ORIENTED_EDGE('',*,*,#731,.T.);
#527=ORIENTED_EDGE('',*,*,#821,.T.);
#528=ORIENTED_EDGE('',*,*,#698,.F.);
#529=ORIENTED_EDGE('',*,*,#822,.F.);
#530=ORIENTED_EDGE('',*,*,#691,.T.);
#531=ORIENTED_EDGE('',*,*,#823,.T.);
#532=ORIENTED_EDGE('',*,*,#701,.T.);
#533=ORIENTED_EDGE('',*,*,#824,.F.);
#534=ORIENTED_EDGE('',*,*,#692,.F.);
#535=ORIENTED_EDGE('',*,*,#822,.T.);
#536=ORIENTED_EDGE('',*,*,#700,.T.);
#537=ORIENTED_EDGE('',*,*,#825,.F.);
#538=ORIENTED_EDGE('',*,*,#693,.F.);
#539=ORIENTED_EDGE('',*,*,#824,.T.);
#540=ORIENTED_EDGE('',*,*,#699,.F.);
#541=ORIENTED_EDGE('',*,*,#823,.F.);
#542=ORIENTED_EDGE('',*,*,#690,.T.);
#543=ORIENTED_EDGE('',*,*,#825,.T.);
#544=ORIENTED_EDGE('',*,*,#770,.F.);
#545=ORIENTED_EDGE('',*,*,#767,.F.);
#546=ORIENTED_EDGE('',*,*,#778,.F.);
#547=ORIENTED_EDGE('',*,*,#695,.F.);
#548=ORIENTED_EDGE('',*,*,#773,.F.);
#549=ORIENTED_EDGE('',*,*,#747,.F.);
#550=ORIENTED_EDGE('',*,*,#779,.F.);
#551=ORIENTED_EDGE('',*,*,#769,.F.);
#552=ORIENTED_EDGE('',*,*,#771,.F.);
#553=ORIENTED_EDGE('',*,*,#697,.F.);
#554=ORIENTED_EDGE('',*,*,#781,.F.);
#555=ORIENTED_EDGE('',*,*,#707,.F.);
#556=ORIENTED_EDGE('',*,*,#772,.F.);
#557=ORIENTED_EDGE('',*,*,#709,.F.);
#558=ORIENTED_EDGE('',*,*,#780,.F.);
#559=ORIENTED_EDGE('',*,*,#749,.F.);
#560=ORIENTED_EDGE('',*,*,#826,.T.);
#561=ORIENTED_EDGE('',*,*,#827,.F.);
#562=ORIENTED_EDGE('',*,*,#828,.F.);
#563=ORIENTED_EDGE('',*,*,#829,.T.);
#564=ORIENTED_EDGE('',*,*,#830,.T.);
#565=ORIENTED_EDGE('',*,*,#829,.F.);
#566=ORIENTED_EDGE('',*,*,#831,.F.);
#567=ORIENTED_EDGE('',*,*,#832,.T.);
#568=ORIENTED_EDGE('',*,*,#833,.F.);
#569=ORIENTED_EDGE('',*,*,#832,.F.);
#570=ORIENTED_EDGE('',*,*,#834,.T.);
#571=ORIENTED_EDGE('',*,*,#835,.T.);
#572=ORIENTED_EDGE('',*,*,#836,.F.);
#573=ORIENTED_EDGE('',*,*,#835,.F.);
#574=ORIENTED_EDGE('',*,*,#837,.T.);
#575=ORIENTED_EDGE('',*,*,#827,.T.);
#576=ORIENTED_EDGE('',*,*,#838,.F.);
#577=ORIENTED_EDGE('',*,*,#839,.T.);
#578=ORIENTED_EDGE('',*,*,#828,.T.);
#579=ORIENTED_EDGE('',*,*,#837,.F.);
#580=ORIENTED_EDGE('',*,*,#834,.F.);
#581=ORIENTED_EDGE('',*,*,#831,.T.);
#582=ORIENTED_EDGE('',*,*,#838,.T.);
#583=ORIENTED_EDGE('',*,*,#826,.F.);
#584=ORIENTED_EDGE('',*,*,#830,.F.);
#585=ORIENTED_EDGE('',*,*,#833,.T.);
#586=ORIENTED_EDGE('',*,*,#836,.T.);
#587=ORIENTED_EDGE('',*,*,#839,.F.);
#588=EDGE_CURVE('',#840,#841,#1016,.T.);
#589=EDGE_CURVE('',#842,#840,#1017,.T.);
#590=EDGE_CURVE('',#842,#843,#1018,.T.);
#591=EDGE_CURVE('',#843,#841,#1019,.T.);
#592=EDGE_CURVE('',#841,#844,#1020,.T.);
#593=EDGE_CURVE('',#843,#845,#1021,.T.);
#594=EDGE_CURVE('',#845,#844,#1022,.T.);
#595=EDGE_CURVE('',#846,#844,#1023,.T.);
#596=EDGE_CURVE('',#847,#845,#1024,.T.);
#597=EDGE_CURVE('',#847,#846,#1025,.T.);
#598=EDGE_CURVE('',#848,#848,#24,.T.);
#599=EDGE_CURVE('',#849,#849,#25,.T.);
#600=EDGE_CURVE('',#846,#840,#1026,.T.);
#601=EDGE_CURVE('',#847,#842,#1027,.T.);
#602=EDGE_CURVE('',#850,#851,#1028,.T.);
#603=EDGE_CURVE('',#852,#851,#1029,.T.);
#604=EDGE_CURVE('',#853,#852,#1030,.T.);
#605=EDGE_CURVE('',#853,#850,#1031,.T.);
#606=EDGE_CURVE('',#854,#850,#1032,.T.);
#607=EDGE_CURVE('',#855,#853,#1033,.T.);
#608=EDGE_CURVE('',#855,#854,#1034,.T.);
#609=EDGE_CURVE('',#854,#856,#1035,.T.);
#610=EDGE_CURVE('',#855,#857,#1036,.T.);
#611=EDGE_CURVE('',#857,#856,#1037,.T.);
#612=EDGE_CURVE('',#851,#856,#1038,.T.);
#613=EDGE_CURVE('',#852,#857,#1039,.T.);
#614=EDGE_CURVE('',#858,#858,#26,.T.);
#615=EDGE_CURVE('',#859,#859,#27,.T.);
#616=EDGE_CURVE('',#860,#861,#1040,.T.);
#617=EDGE_CURVE('',#862,#860,#1041,.T.);
#618=EDGE_CURVE('',#862,#863,#1042,.T.);
#619=EDGE_CURVE('',#863,#861,#1043,.T.);
#620=EDGE_CURVE('',#860,#864,#1044,.T.);
#621=EDGE_CURVE('',#865,#864,#1045,.T.);
#622=EDGE_CURVE('',#862,#865,#1046,.T.);
#623=EDGE_CURVE('',#864,#866,#1047,.T.);
#624=EDGE_CURVE('',#867,#866,#1048,.T.);
#625=EDGE_CURVE('',#865,#867,#1049,.T.);
#626=EDGE_CURVE('',#861,#866,#1050,.T.);
#627=EDGE_CURVE('',#863,#867,#1051,.T.);
#628=EDGE_CURVE('',#868,#869,#1052,.T.);
#629=EDGE_CURVE('',#868,#870,#1053,.F.);
#630=EDGE_CURVE('',#870,#871,#1054,.T.);
#631=EDGE_CURVE('',#871,#869,#1055,.T.);
#632=EDGE_CURVE('',#872,#873,#1056,.T.);
#633=EDGE_CURVE('',#872,#874,#1057,.T.);
#634=EDGE_CURVE('',#874,#875,#1058,.T.);
#635=EDGE_CURVE('',#875,#873,#1059,.F.);
#636=EDGE_CURVE('',#876,#877,#1060,.T.);
#637=EDGE_CURVE('',#876,#878,#1061,.T.);
#638=EDGE_CURVE('',#878,#879,#1062,.T.);
#639=EDGE_CURVE('',#879,#877,#1063,.F.);
#640=EDGE_CURVE('',#880,#881,#1064,.T.);
#641=EDGE_CURVE('',#882,#880,#1065,.T.);
#642=EDGE_CURVE('',#882,#883,#1066,.T.);
#643=EDGE_CURVE('',#883,#881,#1067,.T.);
#644=EDGE_CURVE('',#880,#884,#1068,.T.);
#645=EDGE_CURVE('',#885,#884,#1069,.T.);
#646=EDGE_CURVE('',#882,#885,#1070,.T.);
#647=EDGE_CURVE('',#884,#886,#1071,.T.);
#648=EDGE_CURVE('',#887,#886,#1072,.T.);
#649=EDGE_CURVE('',#885,#887,#1073,.T.);
#650=EDGE_CURVE('',#881,#886,#1074,.T.);
#651=EDGE_CURVE('',#883,#887,#1075,.T.);
#652=EDGE_CURVE('',#888,#888,#28,.T.);
#653=EDGE_CURVE('',#889,#889,#29,.T.);
#654=EDGE_CURVE('',#890,#890,#30,.T.);
#655=EDGE_CURVE('',#891,#891,#31,.T.);
#656=EDGE_CURVE('',#892,#892,#32,.T.);
#657=EDGE_CURVE('',#893,#893,#33,.T.);
#658=EDGE_CURVE('',#894,#894,#34,.T.);
#659=EDGE_CURVE('',#895,#895,#35,.T.);
#660=EDGE_CURVE('',#896,#897,#1076,.T.);
#661=EDGE_CURVE('',#896,#898,#1077,.F.);
#662=EDGE_CURVE('',#898,#899,#1078,.T.);
#663=EDGE_CURVE('',#899,#897,#1079,.T.);
#664=EDGE_CURVE('',#870,#872,#36,.T.);
#665=EDGE_CURVE('',#873,#876,#37,.T.);
#666=EDGE_CURVE('',#877,#899,#38,.T.);
#667=EDGE_CURVE('',#898,#871,#39,.T.);
#668=EDGE_CURVE('',#874,#868,#40,.F.);
#669=EDGE_CURVE('',#869,#896,#41,.F.);
#670=EDGE_CURVE('',#897,#879,#42,.F.);
#671=EDGE_CURVE('',#878,#875,#43,.F.);
#672=EDGE_CURVE('',#900,#901,#1080,.T.);
#673=EDGE_CURVE('',#902,#901,#1081,.T.);
#674=EDGE_CURVE('',#903,#902,#1082,.T.);
#675=EDGE_CURVE('',#903,#900,#1083,.T.);
#676=EDGE_CURVE('',#900,#904,#1084,.T.);
#677=EDGE_CURVE('',#903,#905,#1085,.T.);
#678=EDGE_CURVE('',#905,#904,#1086,.T.);
#679=EDGE_CURVE('',#904,#906,#1087,.T.);
#680=EDGE_CURVE('',#905,#907,#1088,.T.);
#681=EDGE_CURVE('',#907,#906,#1089,.T.);
#682=EDGE_CURVE('',#901,#906,#1090,.T.);
#683=EDGE_CURVE('',#902,#907,#1091,.T.);
#684=EDGE_CURVE('',#908,#908,#44,.T.);
#685=EDGE_CURVE('',#909,#909,#45,.T.);
#686=EDGE_CURVE('',#910,#911,#1092,.T.);
#687=EDGE_CURVE('',#912,#911,#1093,.T.);
#688=EDGE_CURVE('',#913,#912,#1094,.T.);
#689=EDGE_CURVE('',#913,#910,#1095,.T.);
#690=EDGE_CURVE('',#914,#915,#1096,.T.);
#691=EDGE_CURVE('',#916,#914,#1097,.T.);
#692=EDGE_CURVE('',#916,#917,#1098,.T.);
#693=EDGE_CURVE('',#917,#915,#1099,.T.);
#694=EDGE_CURVE('',#918,#919,#1100,.T.);
#695=EDGE_CURVE('',#918,#920,#1101,.T.);
#696=EDGE_CURVE('',#920,#921,#1102,.T.);
#697=EDGE_CURVE('',#921,#919,#1103,.F.);
#698=EDGE_CURVE('',#922,#923,#1104,.T.);
#699=EDGE_CURVE('',#923,#924,#1105,.T.);
#700=EDGE_CURVE('',#925,#924,#1106,.T.);
#701=EDGE_CURVE('',#922,#925,#1107,.T.);
#702=EDGE_CURVE('',#926,#927,#1108,.T.);
#703=EDGE_CURVE('',#927,#928,#1109,.T.);
#704=EDGE_CURVE('',#929,#928,#1110,.T.);
#705=EDGE_CURVE('',#926,#929,#1111,.T.);
#706=EDGE_CURVE('',#930,#931,#1112,.T.);
#707=EDGE_CURVE('',#930,#932,#1113,.T.);
#708=EDGE_CURVE('',#932,#933,#1114,.T.);
#709=EDGE_CURVE('',#933,#931,#1115,.F.);
#710=EDGE_CURVE('',#934,#935,#1116,.T.);
#711=EDGE_CURVE('',#935,#936,#1117,.T.);
#712=EDGE_CURVE('',#937,#936,#1118,.T.);
#713=EDGE_CURVE('',#934,#937,#1119,.T.);
#714=EDGE_CURVE('',#938,#939,#1120,.T.);
#715=EDGE_CURVE('',#939,#940,#1121,.T.);
#716=EDGE_CURVE('',#941,#940,#1122,.T.);
#717=EDGE_CURVE('',#938,#941,#1123,.T.);
#718=EDGE_CURVE('',#942,#943,#1124,.T.);
#719=EDGE_CURVE('',#944,#942,#1125,.T.);
#720=EDGE_CURVE('',#911,#944,#1126,.T.);
#721=EDGE_CURVE('',#910,#945,#1127,.T.);
#722=EDGE_CURVE('',#945,#943,#1128,.T.);
#723=EDGE_CURVE('',#946,#947,#1129,.T.);
#724=EDGE_CURVE('',#948,#946,#1130,.T.);
#725=EDGE_CURVE('',#948,#949,#1131,.T.);
#726=EDGE_CURVE('',#949,#947,#1132,.T.);
#727=EDGE_CURVE('',#950,#951,#1133,.T.);
#728=EDGE_CURVE('',#952,#950,#1134,.T.);
#729=EDGE_CURVE('',#952,#953,#1135,.T.);
#730=EDGE_CURVE('',#953,#951,#1136,.T.);
#731=EDGE_CURVE('',#954,#955,#1137,.T.);
#732=EDGE_CURVE('',#956,#954,#1138,.T.);
#733=EDGE_CURVE('',#956,#957,#1139,.T.);
#734=EDGE_CURVE('',#957,#955,#1140,.T.);
#735=EDGE_CURVE('',#958,#959,#1141,.T.);
#736=EDGE_CURVE('',#959,#943,#1142,.T.);
#737=EDGE_CURVE('',#960,#945,#1143,.T.);
#738=EDGE_CURVE('',#960,#961,#1144,.T.);
#739=EDGE_CURVE('',#961,#962,#1145,.T.);
#740=EDGE_CURVE('',#963,#962,#1146,.T.);
#741=EDGE_CURVE('',#963,#958,#1147,.T.);
#742=EDGE_CURVE('',#964,#965,#1148,.T.);
#743=EDGE_CURVE('',#964,#966,#1149,.T.);
#744=EDGE_CURVE('',#966,#967,#1150,.T.);
#745=EDGE_CURVE('',#965,#967,#1151,.T.);
#746=EDGE_CURVE('',#968,#969,#1152,.T.);
#747=EDGE_CURVE('',#968,#970,#1153,.F.);
#748=EDGE_CURVE('',#970,#971,#1154,.T.);
#749=EDGE_CURVE('',#971,#969,#1155,.T.);
#750=EDGE_CURVE('',#972,#973,#1156,.T.);
#751=EDGE_CURVE('',#972,#974,#1157,.T.);
#752=EDGE_CURVE('',#974,#975,#1158,.T.);
#753=EDGE_CURVE('',#973,#975,#1159,.T.);
#754=EDGE_CURVE('',#976,#977,#1160,.T.);
#755=EDGE_CURVE('',#978,#976,#1161,.T.);
#756=EDGE_CURVE('',#978,#979,#1162,.T.);
#757=EDGE_CURVE('',#979,#977,#1163,.T.);
#758=EDGE_CURVE('',#980,#981,#1164,.T.);
#759=EDGE_CURVE('',#980,#982,#1165,.T.);
#760=EDGE_CURVE('',#982,#983,#1166,.T.);
#761=EDGE_CURVE('',#981,#983,#1167,.T.);
#762=EDGE_CURVE('',#984,#985,#1168,.T.);
#763=EDGE_CURVE('',#985,#961,#1169,.T.);
#764=EDGE_CURVE('',#913,#960,#1170,.T.);
#765=EDGE_CURVE('',#912,#984,#1171,.T.);
#766=EDGE_CURVE('',#986,#987,#1172,.T.);
#767=EDGE_CURVE('',#986,#988,#1173,.F.);
#768=EDGE_CURVE('',#988,#989,#1174,.T.);
#769=EDGE_CURVE('',#989,#987,#1175,.T.);
#770=EDGE_CURVE('',#988,#918,#46,.T.);
#771=EDGE_CURVE('',#919,#930,#47,.T.);
#772=EDGE_CURVE('',#931,#971,#48,.T.);
#773=EDGE_CURVE('',#970,#989,#49,.T.);
#774=EDGE_CURVE('',#990,#990,#50,.T.);
#775=EDGE_CURVE('',#991,#991,#51,.T.);
#776=EDGE_CURVE('',#992,#992,#52,.T.);
#777=EDGE_CURVE('',#993,#993,#53,.T.);
#778=EDGE_CURVE('',#920,#986,#54,.F.);
#779=EDGE_CURVE('',#987,#968,#55,.F.);
#780=EDGE_CURVE('',#969,#933,#56,.F.);
#781=EDGE_CURVE('',#932,#921,#57,.F.);
#782=EDGE_CURVE('',#944,#994,#1176,.T.);
#783=EDGE_CURVE('',#958,#994,#1177,.T.);
#784=EDGE_CURVE('',#963,#979,#1178,.T.);
#785=EDGE_CURVE('',#978,#995,#1179,.T.);
#786=EDGE_CURVE('',#995,#984,#1180,.T.);
#787=EDGE_CURVE('',#942,#996,#1181,.T.);
#788=EDGE_CURVE('',#994,#996,#1182,.T.);
#789=EDGE_CURVE('',#959,#996,#1183,.T.);
#790=EDGE_CURVE('',#976,#997,#1184,.T.);
#791=EDGE_CURVE('',#995,#997,#1185,.T.);
#792=EDGE_CURVE('',#962,#977,#1186,.T.);
#793=EDGE_CURVE('',#997,#985,#1187,.T.);
#794=EDGE_CURVE('',#998,#998,#58,.T.);
#795=EDGE_CURVE('',#999,#999,#59,.T.);
#796=EDGE_CURVE('',#1000,#1000,#60,.T.);
#797=EDGE_CURVE('',#1001,#1001,#61,.T.);
#798=EDGE_CURVE('',#1002,#1003,#1188,.T.);
#799=EDGE_CURVE('',#1002,#1004,#1189,.T.);
#800=EDGE_CURVE('',#1004,#1005,#1190,.T.);
#801=EDGE_CURVE('',#1003,#1005,#1191,.T.);
#802=EDGE_CURVE('',#1003,#982,#1192,.T.);
#803=EDGE_CURVE('',#1005,#983,#1193,.T.);
#804=EDGE_CURVE('',#1004,#981,#1194,.T.);
#805=EDGE_CURVE('',#1002,#980,#1195,.T.);
#806=EDGE_CURVE('',#965,#974,#1196,.T.);
#807=EDGE_CURVE('',#964,#972,#1197,.T.);
#808=EDGE_CURVE('',#966,#973,#1198,.T.);
#809=EDGE_CURVE('',#967,#975,#1199,.T.);
#810=EDGE_CURVE('',#948,#934,#1200,.T.);
#811=EDGE_CURVE('',#946,#935,#1201,.T.);
#812=EDGE_CURVE('',#949,#937,#1202,.T.);
#813=EDGE_CURVE('',#947,#936,#1203,.T.);
#814=EDGE_CURVE('',#952,#926,#1204,.T.);
#815=EDGE_CURVE('',#950,#927,#1205,.T.);
#816=EDGE_CURVE('',#953,#929,#1206,.T.);
#817=EDGE_CURVE('',#951,#928,#1207,.T.);
#818=EDGE_CURVE('',#956,#938,#1208,.T.);
#819=EDGE_CURVE('',#954,#939,#1209,.T.);
#820=EDGE_CURVE('',#957,#941,#1210,.T.);
#821=EDGE_CURVE('',#955,#940,#1211,.T.);
#822=EDGE_CURVE('',#916,#922,#1212,.T.);
#823=EDGE_CURVE('',#914,#923,#1213,.T.);
#824=EDGE_CURVE('',#917,#925,#1214,.T.);
#825=EDGE_CURVE('',#915,#924,#1215,.T.);
#826=EDGE_CURVE('',#1006,#1007,#1216,.T.);
#827=EDGE_CURVE('',#1008,#1007,#1217,.T.);
#828=EDGE_CURVE('',#1009,#1008,#1218,.T.);
#829=EDGE_CURVE('',#1009,#1006,#1219,.T.);
#830=EDGE_CURVE('',#1010,#1006,#1220,.T.);
#831=EDGE_CURVE('',#1011,#1009,#1221,.T.);
#832=EDGE_CURVE('',#1011,#1010,#1222,.T.);
#833=EDGE_CURVE('',#1010,#1012,#1223,.T.);
#834=EDGE_CURVE('',#1011,#1013,#1224,.T.);
#835=EDGE_CURVE('',#1013,#1012,#1225,.T.);
#836=EDGE_CURVE('',#1012,#1007,#1226,.T.);
#837=EDGE_CURVE('',#1013,#1008,#1227,.T.);
#838=EDGE_CURVE('',#1014,#1014,#62,.T.);
#839=EDGE_CURVE('',#1015,#1015,#63,.T.);
#840=VERTEX_POINT('',#2702);
#841=VERTEX_POINT('',#2703);
#842=VERTEX_POINT('',#2705);
#843=VERTEX_POINT('',#2707);
#844=VERTEX_POINT('',#2711);
#845=VERTEX_POINT('',#2713);
#846=VERTEX_POINT('',#2717);
#847=VERTEX_POINT('',#2719);
#848=VERTEX_POINT('',#2723);
#849=VERTEX_POINT('',#2725);
#850=VERTEX_POINT('',#2734);
#851=VERTEX_POINT('',#2735);
#852=VERTEX_POINT('',#2737);
#853=VERTEX_POINT('',#2739);
#854=VERTEX_POINT('',#2743);
#855=VERTEX_POINT('',#2745);
#856=VERTEX_POINT('',#2749);
#857=VERTEX_POINT('',#2751);
#858=VERTEX_POINT('',#2758);
#859=VERTEX_POINT('',#2760);
#860=VERTEX_POINT('',#2766);
#861=VERTEX_POINT('',#2767);
#862=VERTEX_POINT('',#2769);
#863=VERTEX_POINT('',#2771);
#864=VERTEX_POINT('',#2775);
#865=VERTEX_POINT('',#2777);
#866=VERTEX_POINT('',#2781);
#867=VERTEX_POINT('',#2783);
#868=VERTEX_POINT('',#2793);
#869=VERTEX_POINT('',#2794);
#870=VERTEX_POINT('',#2796);
#871=VERTEX_POINT('',#2798);
#872=VERTEX_POINT('',#2802);
#873=VERTEX_POINT('',#2803);
#874=VERTEX_POINT('',#2805);
#875=VERTEX_POINT('',#2807);
#876=VERTEX_POINT('',#2811);
#877=VERTEX_POINT('',#2812);
#878=VERTEX_POINT('',#2814);
#879=VERTEX_POINT('',#2816);
#880=VERTEX_POINT('',#2820);
#881=VERTEX_POINT('',#2821);
#882=VERTEX_POINT('',#2823);
#883=VERTEX_POINT('',#2825);
#884=VERTEX_POINT('',#2829);
#885=VERTEX_POINT('',#2831);
#886=VERTEX_POINT('',#2835);
#887=VERTEX_POINT('',#2837);
#888=VERTEX_POINT('',#2844);
#889=VERTEX_POINT('',#2846);
#890=VERTEX_POINT('',#2849);
#891=VERTEX_POINT('',#2851);
#892=VERTEX_POINT('',#2854);
#893=VERTEX_POINT('',#2856);
#894=VERTEX_POINT('',#2859);
#895=VERTEX_POINT('',#2861);
#896=VERTEX_POINT('',#2864);
#897=VERTEX_POINT('',#2865);
#898=VERTEX_POINT('',#2867);
#899=VERTEX_POINT('',#2869);
#900=VERTEX_POINT('',#2888);
#901=VERTEX_POINT('',#2889);
#902=VERTEX_POINT('',#2891);
#903=VERTEX_POINT('',#2893);
#904=VERTEX_POINT('',#2897);
#905=VERTEX_POINT('',#2899);
#906=VERTEX_POINT('',#2903);
#907=VERTEX_POINT('',#2905);
#908=VERTEX_POINT('',#2912);
#909=VERTEX_POINT('',#2914);
#910=VERTEX_POINT('',#2920);
#911=VERTEX_POINT('',#2921);
#912=VERTEX_POINT('',#2923);
#913=VERTEX_POINT('',#2925);
#914=VERTEX_POINT('',#2928);
#915=VERTEX_POINT('',#2929);
#916=VERTEX_POINT('',#2931);
#917=VERTEX_POINT('',#2933);
#918=VERTEX_POINT('',#2937);
#919=VERTEX_POINT('',#2938);
#920=VERTEX_POINT('',#2940);
#921=VERTEX_POINT('',#2942);
#922=VERTEX_POINT('',#2945);
#923=VERTEX_POINT('',#2946);
#924=VERTEX_POINT('',#2948);
#925=VERTEX_POINT('',#2950);
#926=VERTEX_POINT('',#2954);
#927=VERTEX_POINT('',#2955);
#928=VERTEX_POINT('',#2957);
#929=VERTEX_POINT('',#2959);
#930=VERTEX_POINT('',#2962);
#931=VERTEX_POINT('',#2963);
#932=VERTEX_POINT('',#2965);
#933=VERTEX_POINT('',#2967);
#934=VERTEX_POINT('',#2970);
#935=VERTEX_POINT('',#2971);
#936=VERTEX_POINT('',#2973);
#937=VERTEX_POINT('',#2975);
#938=VERTEX_POINT('',#2978);
#939=VERTEX_POINT('',#2979);
#940=VERTEX_POINT('',#2981);
#941=VERTEX_POINT('',#2983);
#942=VERTEX_POINT('',#2987);
#943=VERTEX_POINT('',#2988);
#944=VERTEX_POINT('',#2990);
#945=VERTEX_POINT('',#2993);
#946=VERTEX_POINT('',#2996);
#947=VERTEX_POINT('',#2997);
#948=VERTEX_POINT('',#2999);
#949=VERTEX_POINT('',#3001);
#950=VERTEX_POINT('',#3004);
#951=VERTEX_POINT('',#3005);
#952=VERTEX_POINT('',#3007);
#953=VERTEX_POINT('',#3009);
#954=VERTEX_POINT('',#3012);
#955=VERTEX_POINT('',#3013);
#956=VERTEX_POINT('',#3015);
#957=VERTEX_POINT('',#3017);
#958=VERTEX_POINT('',#3021);
#959=VERTEX_POINT('',#3022);
#960=VERTEX_POINT('',#3025);
#961=VERTEX_POINT('',#3027);
#962=VERTEX_POINT('',#3029);
#963=VERTEX_POINT('',#3031);
#964=VERTEX_POINT('',#3034);
#965=VERTEX_POINT('',#3035);
#966=VERTEX_POINT('',#3037);
#967=VERTEX_POINT('',#3039);
#968=VERTEX_POINT('',#3043);
#969=VERTEX_POINT('',#3044);
#970=VERTEX_POINT('',#3046);
#971=VERTEX_POINT('',#3048);
#972=VERTEX_POINT('',#3051);
#973=VERTEX_POINT('',#3052);
#974=VERTEX_POINT('',#3054);
#975=VERTEX_POINT('',#3056);
#976=VERTEX_POINT('',#3060);
#977=VERTEX_POINT('',#3061);
#978=VERTEX_POINT('',#3063);
#979=VERTEX_POINT('',#3065);
#980=VERTEX_POINT('',#3068);
#981=VERTEX_POINT('',#3069);
#982=VERTEX_POINT('',#3071);
#983=VERTEX_POINT('',#3073);
#984=VERTEX_POINT('',#3077);
#985=VERTEX_POINT('',#3078);
#986=VERTEX_POINT('',#3084);
#987=VERTEX_POINT('',#3085);
#988=VERTEX_POINT('',#3087);
#989=VERTEX_POINT('',#3089);
#990=VERTEX_POINT('',#3098);
#991=VERTEX_POINT('',#3100);
#992=VERTEX_POINT('',#3102);
#993=VERTEX_POINT('',#3104);
#994=VERTEX_POINT('',#3110);
#995=VERTEX_POINT('',#3114);
#996=VERTEX_POINT('',#3118);
#997=VERTEX_POINT('',#3125);
#998=VERTEX_POINT('',#3134);
#999=VERTEX_POINT('',#3138);
#1000=VERTEX_POINT('',#3142);
#1001=VERTEX_POINT('',#3146);
#1002=VERTEX_POINT('',#3150);
#1003=VERTEX_POINT('',#3151);
#1004=VERTEX_POINT('',#3153);
#1005=VERTEX_POINT('',#3155);
#1006=VERTEX_POINT('',#3212);
#1007=VERTEX_POINT('',#3213);
#1008=VERTEX_POINT('',#3215);
#1009=VERTEX_POINT('',#3217);
#1010=VERTEX_POINT('',#3221);
#1011=VERTEX_POINT('',#3223);
#1012=VERTEX_POINT('',#3227);
#1013=VERTEX_POINT('',#3229);
#1014=VERTEX_POINT('',#3236);
#1015=VERTEX_POINT('',#3238);
#1016=LINE('',#2701,#1228);
#1017=LINE('',#2704,#1229);
#1018=LINE('',#2706,#1230);
#1019=LINE('',#2708,#1231);
#1020=LINE('',#2710,#1232);
#1021=LINE('',#2712,#1233);
#1022=LINE('',#2714,#1234);
#1023=LINE('',#2716,#1235);
#1024=LINE('',#2718,#1236);
#1025=LINE('',#2720,#1237);
#1026=LINE('',#2727,#1238);
#1027=LINE('',#2728,#1239);
#1028=LINE('',#2733,#1240);
#1029=LINE('',#2736,#1241);
#1030=LINE('',#2738,#1242);
#1031=LINE('',#2740,#1243);
#1032=LINE('',#2742,#1244);
#1033=LINE('',#2744,#1245);
#1034=LINE('',#2746,#1246);
#1035=LINE('',#2748,#1247);
#1036=LINE('',#2750,#1248);
#1037=LINE('',#2752,#1249);
#1038=LINE('',#2754,#1250);
#1039=LINE('',#2755,#1251);
#1040=LINE('',#2765,#1252);
#1041=LINE('',#2768,#1253);
#1042=LINE('',#2770,#1254);
#1043=LINE('',#2772,#1255);
#1044=LINE('',#2774,#1256);
#1045=LINE('',#2776,#1257);
#1046=LINE('',#2778,#1258);
#1047=LINE('',#2780,#1259);
#1048=LINE('',#2782,#1260);
#1049=LINE('',#2784,#1261);
#1050=LINE('',#2786,#1262);
#1051=LINE('',#2787,#1263);
#1052=LINE('',#2792,#1264);
#1053=LINE('',#2795,#1265);
#1054=LINE('',#2797,#1266);
#1055=LINE('',#2799,#1267);
#1056=LINE('',#2801,#1268);
#1057=LINE('',#2804,#1269);
#1058=LINE('',#2806,#1270);
#1059=LINE('',#2808,#1271);
#1060=LINE('',#2810,#1272);
#1061=LINE('',#2813,#1273);
#1062=LINE('',#2815,#1274);
#1063=LINE('',#2817,#1275);
#1064=LINE('',#2819,#1276);
#1065=LINE('',#2822,#1277);
#1066=LINE('',#2824,#1278);
#1067=LINE('',#2826,#1279);
#1068=LINE('',#2828,#1280);
#1069=LINE('',#2830,#1281);
#1070=LINE('',#2832,#1282);
#1071=LINE('',#2834,#1283);
#1072=LINE('',#2836,#1284);
#1073=LINE('',#2838,#1285);
#1074=LINE('',#2840,#1286);
#1075=LINE('',#2841,#1287);
#1076=LINE('',#2863,#1288);
#1077=LINE('',#2866,#1289);
#1078=LINE('',#2868,#1290);
#1079=LINE('',#2870,#1291);
#1080=LINE('',#2887,#1292);
#1081=LINE('',#2890,#1293);
#1082=LINE('',#2892,#1294);
#1083=LINE('',#2894,#1295);
#1084=LINE('',#2896,#1296);
#1085=LINE('',#2898,#1297);
#1086=LINE('',#2900,#1298);
#1087=LINE('',#2902,#1299);
#1088=LINE('',#2904,#1300);
#1089=LINE('',#2906,#1301);
#1090=LINE('',#2908,#1302);
#1091=LINE('',#2909,#1303);
#1092=LINE('',#2919,#1304);
#1093=LINE('',#2922,#1305);
#1094=LINE('',#2924,#1306);
#1095=LINE('',#2926,#1307);
#1096=LINE('',#2927,#1308);
#1097=LINE('',#2930,#1309);
#1098=LINE('',#2932,#1310);
#1099=LINE('',#2934,#1311);
#1100=LINE('',#2936,#1312);
#1101=LINE('',#2939,#1313);
#1102=LINE('',#2941,#1314);
#1103=LINE('',#2943,#1315);
#1104=LINE('',#2944,#1316);
#1105=LINE('',#2947,#1317);
#1106=LINE('',#2949,#1318);
#1107=LINE('',#2951,#1319);
#1108=LINE('',#2953,#1320);
#1109=LINE('',#2956,#1321);
#1110=LINE('',#2958,#1322);
#1111=LINE('',#2960,#1323);
#1112=LINE('',#2961,#1324);
#1113=LINE('',#2964,#1325);
#1114=LINE('',#2966,#1326);
#1115=LINE('',#2968,#1327);
#1116=LINE('',#2969,#1328);
#1117=LINE('',#2972,#1329);
#1118=LINE('',#2974,#1330);
#1119=LINE('',#2976,#1331);
#1120=LINE('',#2977,#1332);
#1121=LINE('',#2980,#1333);
#1122=LINE('',#2982,#1334);
#1123=LINE('',#2984,#1335);
#1124=LINE('',#2986,#1336);
#1125=LINE('',#2989,#1337);
#1126=LINE('',#2991,#1338);
#1127=LINE('',#2992,#1339);
#1128=LINE('',#2994,#1340);
#1129=LINE('',#2995,#1341);
#1130=LINE('',#2998,#1342);
#1131=LINE('',#3000,#1343);
#1132=LINE('',#3002,#1344);
#1133=LINE('',#3003,#1345);
#1134=LINE('',#3006,#1346);
#1135=LINE('',#3008,#1347);
#1136=LINE('',#3010,#1348);
#1137=LINE('',#3011,#1349);
#1138=LINE('',#3014,#1350);
#1139=LINE('',#3016,#1351);
#1140=LINE('',#3018,#1352);
#1141=LINE('',#3020,#1353);
#1142=LINE('',#3023,#1354);
#1143=LINE('',#3024,#1355);
#1144=LINE('',#3026,#1356);
#1145=LINE('',#3028,#1357);
#1146=LINE('',#3030,#1358);
#1147=LINE('',#3032,#1359);
#1148=LINE('',#3033,#1360);
#1149=LINE('',#3036,#1361);
#1150=LINE('',#3038,#1362);
#1151=LINE('',#3040,#1363);
#1152=LINE('',#3042,#1364);
#1153=LINE('',#3045,#1365);
#1154=LINE('',#3047,#1366);
#1155=LINE('',#3049,#1367);
#1156=LINE('',#3050,#1368);
#1157=LINE('',#3053,#1369);
#1158=LINE('',#3055,#1370);
#1159=LINE('',#3057,#1371);
#1160=LINE('',#3059,#1372);
#1161=LINE('',#3062,#1373);
#1162=LINE('',#3064,#1374);
#1163=LINE('',#3066,#1375);
#1164=LINE('',#3067,#1376);
#1165=LINE('',#3070,#1377);
#1166=LINE('',#3072,#1378);
#1167=LINE('',#3074,#1379);
#1168=LINE('',#3076,#1380);
#1169=LINE('',#3079,#1381);
#1170=LINE('',#3080,#1382);
#1171=LINE('',#3081,#1383);
#1172=LINE('',#3083,#1384);
#1173=LINE('',#3086,#1385);
#1174=LINE('',#3088,#1386);
#1175=LINE('',#3090,#1387);
#1176=LINE('',#3109,#1388);
#1177=LINE('',#3111,#1389);
#1178=LINE('',#3112,#1390);
#1179=LINE('',#3113,#1391);
#1180=LINE('',#3115,#1392);
#1181=LINE('',#3117,#1393);
#1182=LINE('',#3119,#1394);
#1183=LINE('',#3121,#1395);
#1184=LINE('',#3124,#1396);
#1185=LINE('',#3126,#1397);
#1186=LINE('',#3128,#1398);
#1187=LINE('',#3130,#1399);
#1188=LINE('',#3149,#1400);
#1189=LINE('',#3152,#1401);
#1190=LINE('',#3154,#1402);
#1191=LINE('',#3156,#1403);
#1192=LINE('',#3158,#1404);
#1193=LINE('',#3159,#1405);
#1194=LINE('',#3161,#1406);
#1195=LINE('',#3163,#1407);
#1196=LINE('',#3166,#1408);
#1197=LINE('',#3167,#1409);
#1198=LINE('',#3169,#1410);
#1199=LINE('',#3171,#1411);
#1200=LINE('',#3174,#1412);
#1201=LINE('',#3175,#1413);
#1202=LINE('',#3177,#1414);
#1203=LINE('',#3179,#1415);
#1204=LINE('',#3182,#1416);
#1205=LINE('',#3183,#1417);
#1206=LINE('',#3185,#1418);
#1207=LINE('',#3187,#1419);
#1208=LINE('',#3190,#1420);
#1209=LINE('',#3191,#1421);
#1210=LINE('',#3193,#1422);
#1211=LINE('',#3195,#1423);
#1212=LINE('',#3198,#1424);
#1213=LINE('',#3199,#1425);
#1214=LINE('',#3201,#1426);
#1215=LINE('',#3203,#1427);
#1216=LINE('',#3211,#1428);
#1217=LINE('',#3214,#1429);
#1218=LINE('',#3216,#1430);
#1219=LINE('',#3218,#1431);
#1220=LINE('',#3220,#1432);
#1221=LINE('',#3222,#1433);
#1222=LINE('',#3224,#1434);
#1223=LINE('',#3226,#1435);
#1224=LINE('',#3228,#1436);
#1225=LINE('',#3230,#1437);
#1226=LINE('',#3232,#1438);
#1227=LINE('',#3233,#1439);
#1228=VECTOR('',#2183,1.);
#1229=VECTOR('',#2184,1.);
#1230=VECTOR('',#2185,1.);
#1231=VECTOR('',#2186,1.);
#1232=VECTOR('',#2189,1.);
#1233=VECTOR('',#2190,1.);
#1234=VECTOR('',#2191,1.);
#1235=VECTOR('',#2194,1.);
#1236=VECTOR('',#2195,1.);
#1237=VECTOR('',#2196,1.);
#1238=VECTOR('',#2205,1.);
#1239=VECTOR('',#2206,1.);
#1240=VECTOR('',#2215,1.);
#1241=VECTOR('',#2216,1.);
#1242=VECTOR('',#2217,1.);
#1243=VECTOR('',#2218,1.);
#1244=VECTOR('',#2221,1.);
#1245=VECTOR('',#2222,1.);
#1246=VECTOR('',#2223,1.);
#1247=VECTOR('',#2226,1.);
#1248=VECTOR('',#2227,1.);
#1249=VECTOR('',#2228,1.);
#1250=VECTOR('',#2231,1.);
#1251=VECTOR('',#2232,1.);
#1252=VECTOR('',#2247,1.);
#1253=VECTOR('',#2248,1.);
#1254=VECTOR('',#2249,1.);
#1255=VECTOR('',#2250,1.);
#1256=VECTOR('',#2253,1.);
#1257=VECTOR('',#2254,1.);
#1258=VECTOR('',#2255,1.);
#1259=VECTOR('',#2258,1.);
#1260=VECTOR('',#2259,1.);
#1261=VECTOR('',#2260,1.);
#1262=VECTOR('',#2263,1.);
#1263=VECTOR('',#2264,1.);
#1264=VECTOR('',#2273,1.);
#1265=VECTOR('',#2274,1.);
#1266=VECTOR('',#2275,1.);
#1267=VECTOR('',#2276,1.);
#1268=VECTOR('',#2279,1.);
#1269=VECTOR('',#2280,1.);
#1270=VECTOR('',#2281,1.);
#1271=VECTOR('',#2282,1.);
#1272=VECTOR('',#2285,1.);
#1273=VECTOR('',#2286,1.);
#1274=VECTOR('',#2287,1.);
#1275=VECTOR('',#2288,1.);
#1276=VECTOR('',#2291,1.);
#1277=VECTOR('',#2292,1.);
#1278=VECTOR('',#2293,1.);
#1279=VECTOR('',#2294,1.);
#1280=VECTOR('',#2297,1.);
#1281=VECTOR('',#2298,1.);
#1282=VECTOR('',#2299,1.);
#1283=VECTOR('',#2302,1.);
#1284=VECTOR('',#2303,1.);
#1285=VECTOR('',#2304,1.);
#1286=VECTOR('',#2307,1.);
#1287=VECTOR('',#2308,1.);
#1288=VECTOR('',#2335,1.);
#1289=VECTOR('',#2336,1.);
#1290=VECTOR('',#2337,1.);
#1291=VECTOR('',#2338,1.);
#1292=VECTOR('',#2371,1.);
#1293=VECTOR('',#2372,1.);
#1294=VECTOR('',#2373,1.);
#1295=VECTOR('',#2374,1.);
#1296=VECTOR('',#2377,1.);
#1297=VECTOR('',#2378,1.);
#1298=VECTOR('',#2379,1.);
#1299=VECTOR('',#2382,1.);
#1300=VECTOR('',#2383,1.);
#1301=VECTOR('',#2384,1.);
#1302=VECTOR('',#2387,1.);
#1303=VECTOR('',#2388,1.);
#1304=VECTOR('',#2403,1.);
#1305=VECTOR('',#2404,1.);
#1306=VECTOR('',#2405,1.);
#1307=VECTOR('',#2406,1.);
#1308=VECTOR('',#2407,1.);
#1309=VECTOR('',#2408,1.);
#1310=VECTOR('',#2409,1.);
#1311=VECTOR('',#2410,1.);
#1312=VECTOR('',#2413,1.);
#1313=VECTOR('',#2414,1.);
#1314=VECTOR('',#2415,1.);
#1315=VECTOR('',#2416,1.);
#1316=VECTOR('',#2417,1.);
#1317=VECTOR('',#2418,1.);
#1318=VECTOR('',#2419,1.);
#1319=VECTOR('',#2420,1.);
#1320=VECTOR('',#2423,1.);
#1321=VECTOR('',#2424,1.);
#1322=VECTOR('',#2425,1.);
#1323=VECTOR('',#2426,1.);
#1324=VECTOR('',#2427,1.);
#1325=VECTOR('',#2428,1.);
#1326=VECTOR('',#2429,1.);
#1327=VECTOR('',#2430,1.);
#1328=VECTOR('',#2431,1.);
#1329=VECTOR('',#2432,1.);
#1330=VECTOR('',#2433,1.);
#1331=VECTOR('',#2434,1.);
#1332=VECTOR('',#2435,1.);
#1333=VECTOR('',#2436,1.);
#1334=VECTOR('',#2437,1.);
#1335=VECTOR('',#2438,1.);
#1336=VECTOR('',#2441,1.);
#1337=VECTOR('',#2442,1.);
#1338=VECTOR('',#2443,1.);
#1339=VECTOR('',#2444,1.);
#1340=VECTOR('',#2445,1.);
#1341=VECTOR('',#2446,1.);
#1342=VECTOR('',#2447,1.);
#1343=VECTOR('',#2448,1.);
#1344=VECTOR('',#2449,1.);
#1345=VECTOR('',#2450,1.);
#1346=VECTOR('',#2451,1.);
#1347=VECTOR('',#2452,1.);
#1348=VECTOR('',#2453,1.);
#1349=VECTOR('',#2454,1.);
#1350=VECTOR('',#2455,1.);
#1351=VECTOR('',#2456,1.);
#1352=VECTOR('',#2457,1.);
#1353=VECTOR('',#2460,1.);
#1354=VECTOR('',#2461,1.);
#1355=VECTOR('',#2462,1.);
#1356=VECTOR('',#2463,1.);
#1357=VECTOR('',#2464,1.);
#1358=VECTOR('',#2465,1.);
#1359=VECTOR('',#2466,1.);
#1360=VECTOR('',#2467,1.);
#1361=VECTOR('',#2468,1.);
#1362=VECTOR('',#2469,1.);
#1363=VECTOR('',#2470,1.);
#1364=VECTOR('',#2473,1.);
#1365=VECTOR('',#2474,1.);
#1366=VECTOR('',#2475,1.);
#1367=VECTOR('',#2476,1.);
#1368=VECTOR('',#2477,1.);
#1369=VECTOR('',#2478,1.);
#1370=VECTOR('',#2479,1.);
#1371=VECTOR('',#2480,1.);
#1372=VECTOR('',#2483,1.);
#1373=VECTOR('',#2484,1.);
#1374=VECTOR('',#2485,1.);
#1375=VECTOR('',#2486,1.);
#1376=VECTOR('',#2487,1.);
#1377=VECTOR('',#2488,1.);
#1378=VECTOR('',#2489,1.);
#1379=VECTOR('',#2490,1.);
#1380=VECTOR('',#2493,1.);
#1381=VECTOR('',#2494,1.);
#1382=VECTOR('',#2495,1.);
#1383=VECTOR('',#2496,1.);
#1384=VECTOR('',#2499,1.);
#1385=VECTOR('',#2500,1.);
#1386=VECTOR('',#2501,1.);
#1387=VECTOR('',#2502,1.);
#1388=VECTOR('',#2531,1.);
#1389=VECTOR('',#2532,1.);
#1390=VECTOR('',#2533,1.);
#1391=VECTOR('',#2534,1.);
#1392=VECTOR('',#2535,1.);
#1393=VECTOR('',#2538,1.);
#1394=VECTOR('',#2539,1.);
#1395=VECTOR('',#2542,1.);
#1396=VECTOR('',#2547,1.);
#1397=VECTOR('',#2548,1.);
#1398=VECTOR('',#2551,1.);
#1399=VECTOR('',#2554,1.);
#1400=VECTOR('',#2583,1.);
#1401=VECTOR('',#2584,1.);
#1402=VECTOR('',#2585,1.);
#1403=VECTOR('',#2586,1.);
#1404=VECTOR('',#2589,1.);
#1405=VECTOR('',#2590,1.);
#1406=VECTOR('',#2593,1.);
#1407=VECTOR('',#2596,1.);
#1408=VECTOR('',#2601,1.);
#1409=VECTOR('',#2602,1.);
#1410=VECTOR('',#2605,1.);
#1411=VECTOR('',#2608,1.);
#1412=VECTOR('',#2613,1.);
#1413=VECTOR('',#2614,1.);
#1414=VECTOR('',#2617,1.);
#1415=VECTOR('',#2620,1.);
#1416=VECTOR('',#2625,1.);
#1417=VECTOR('',#2626,1.);
#1418=VECTOR('',#2629,1.);
#1419=VECTOR('',#2632,1.);
#1420=VECTOR('',#2637,1.);
#1421=VECTOR('',#2638,1.);
#1422=VECTOR('',#2641,1.);
#1423=VECTOR('',#2644,1.);
#1424=VECTOR('',#2649,1.);
#1425=VECTOR('',#2650,1.);
#1426=VECTOR('',#2653,1.);
#1427=VECTOR('',#2656,1.);
#1428=VECTOR('',#2671,1.);
#1429=VECTOR('',#2672,1.);
#1430=VECTOR('',#2673,1.);
#1431=VECTOR('',#2674,1.);
#1432=VECTOR('',#2677,1.);
#1433=VECTOR('',#2678,1.);
#1434=VECTOR('',#2679,1.);
#1435=VECTOR('',#2682,1.);
#1436=VECTOR('',#2683,1.);
#1437=VECTOR('',#2684,1.);
#1438=VECTOR('',#2687,1.);
#1439=VECTOR('',#2688,1.);
#1440=EDGE_LOOP('',(#84,#85,#86,#87));
#1441=EDGE_LOOP('',(#88,#89,#90,#91));
#1442=EDGE_LOOP('',(#92,#93,#94,#95));
#1443=EDGE_LOOP('',(#96));
#1444=EDGE_LOOP('',(#97));
#1445=EDGE_LOOP('',(#98,#99,#100,#101));
#1446=EDGE_LOOP('',(#102));
#1447=EDGE_LOOP('',(#103,#104,#105,#106));
#1448=EDGE_LOOP('',(#107));
#1449=EDGE_LOOP('',(#108,#109,#110,#111));
#1450=EDGE_LOOP('',(#112,#113,#114,#115));
#1451=EDGE_LOOP('',(#116,#117,#118,#119));
#1452=EDGE_LOOP('',(#120,#121,#122,#123));
#1453=EDGE_LOOP('',(#124,#125,#126,#127));
#1454=EDGE_LOOP('',(#128));
#1455=EDGE_LOOP('',(#129));
#1456=EDGE_LOOP('',(#130,#131,#132,#133));
#1457=EDGE_LOOP('',(#134));
#1458=EDGE_LOOP('',(#135,#136,#137,#138));
#1459=EDGE_LOOP('',(#139));
#1460=EDGE_LOOP('',(#140,#141,#142,#143));
#1461=EDGE_LOOP('',(#144,#145,#146,#147));
#1462=EDGE_LOOP('',(#148,#149,#150,#151));
#1463=EDGE_LOOP('',(#152,#153,#154,#155));
#1464=EDGE_LOOP('',(#156,#157,#158,#159));
#1465=EDGE_LOOP('',(#160,#161,#162,#163));
#1466=EDGE_LOOP('',(#164,#165,#166,#167));
#1467=EDGE_LOOP('',(#168,#169,#170,#171));
#1468=EDGE_LOOP('',(#172,#173,#174,#175));
#1469=EDGE_LOOP('',(#176,#177,#178,#179));
#1470=EDGE_LOOP('',(#180,#181,#182,#183));
#1471=EDGE_LOOP('',(#184,#185,#186,#187));
#1472=EDGE_LOOP('',(#188,#189,#190,#191));
#1473=EDGE_LOOP('',(#192));
#1474=EDGE_LOOP('',(#193));
#1475=EDGE_LOOP('',(#194));
#1476=EDGE_LOOP('',(#195));
#1477=EDGE_LOOP('',(#196));
#1478=EDGE_LOOP('',(#197));
#1479=EDGE_LOOP('',(#198));
#1480=EDGE_LOOP('',(#199));
#1481=EDGE_LOOP('',(#200,#201,#202,#203));
#1482=EDGE_LOOP('',(#204));
#1483=EDGE_LOOP('',(#205));
#1484=EDGE_LOOP('',(#206));
#1485=EDGE_LOOP('',(#207));
#1486=EDGE_LOOP('',(#208,#209,#210,#211));
#1487=EDGE_LOOP('',(#212,#213,#214,#215,#216,#217,#218,#219));
#1488=EDGE_LOOP('',(#220));
#1489=EDGE_LOOP('',(#221));
#1490=EDGE_LOOP('',(#222));
#1491=EDGE_LOOP('',(#223));
#1492=EDGE_LOOP('',(#224,#225,#226,#227));
#1493=EDGE_LOOP('',(#228,#229,#230,#231,#232,#233,#234,#235));
#1494=EDGE_LOOP('',(#236,#237,#238,#239));
#1495=EDGE_LOOP('',(#240,#241,#242,#243));
#1496=EDGE_LOOP('',(#244,#245,#246,#247));
#1497=EDGE_LOOP('',(#248,#249,#250,#251));
#1498=EDGE_LOOP('',(#252,#253,#254,#255));
#1499=EDGE_LOOP('',(#256,#257,#258,#259));
#1500=EDGE_LOOP('',(#260,#261,#262,#263));
#1501=EDGE_LOOP('',(#264,#265,#266,#267));
#1502=EDGE_LOOP('',(#268));
#1503=EDGE_LOOP('',(#269));
#1504=EDGE_LOOP('',(#270,#271,#272,#273));
#1505=EDGE_LOOP('',(#274));
#1506=EDGE_LOOP('',(#275,#276,#277,#278));
#1507=EDGE_LOOP('',(#279));
#1508=EDGE_LOOP('',(#280,#281,#282,#283));
#1509=EDGE_LOOP('',(#284,#285,#286,#287));
#1510=EDGE_LOOP('',(#288,#289,#290,#291));
#1511=EDGE_LOOP('',(#292,#293,#294,#295));
#1512=EDGE_LOOP('',(#296,#297,#298,#299));
#1513=EDGE_LOOP('',(#300,#301,#302,#303));
#1514=EDGE_LOOP('',(#304,#305,#306,#307));
#1515=EDGE_LOOP('',(#308,#309,#310,#311));
#1516=EDGE_LOOP('',(#312,#313,#314,#315,#316,#317));
#1517=EDGE_LOOP('',(#318,#319,#320,#321));
#1518=EDGE_LOOP('',(#322,#323,#324,#325));
#1519=EDGE_LOOP('',(#326,#327,#328,#329));
#1520=EDGE_LOOP('',(#330,#331,#332,#333,#334,#335,#336,#337));
#1521=EDGE_LOOP('',(#338,#339,#340,#341));
#1522=EDGE_LOOP('',(#342,#343,#344,#345));
#1523=EDGE_LOOP('',(#346,#347,#348,#349));
#1524=EDGE_LOOP('',(#350,#351,#352,#353));
#1525=EDGE_LOOP('',(#354,#355,#356,#357));
#1526=EDGE_LOOP('',(#358,#359,#360,#361,#362,#363));
#1527=EDGE_LOOP('',(#364,#365,#366,#367));
#1528=EDGE_LOOP('',(#368,#369,#370,#371,#372,#373,#374,#375));
#1529=EDGE_LOOP('',(#376,#377,#378,#379));
#1530=EDGE_LOOP('',(#380));
#1531=EDGE_LOOP('',(#381));
#1532=EDGE_LOOP('',(#382));
#1533=EDGE_LOOP('',(#383));
#1534=EDGE_LOOP('',(#384,#385,#386,#387,#388,#389,#390,#391));
#1535=EDGE_LOOP('',(#392,#393,#394,#395,#396,#397,#398,#399,#400,#401));
#1536=EDGE_LOOP('',(#402,#403,#404,#405));
#1537=EDGE_LOOP('',(#406,#407,#408,#409));
#1538=EDGE_LOOP('',(#410,#411,#412,#413));
#1539=EDGE_LOOP('',(#414,#415,#416,#417));
#1540=EDGE_LOOP('',(#418,#419,#420,#421));
#1541=EDGE_LOOP('',(#422,#423,#424,#425));
#1542=EDGE_LOOP('',(#426,#427,#428,#429,#430,#431));
#1543=EDGE_LOOP('',(#432));
#1544=EDGE_LOOP('',(#433));
#1545=EDGE_LOOP('',(#434));
#1546=EDGE_LOOP('',(#435));
#1547=EDGE_LOOP('',(#436));
#1548=EDGE_LOOP('',(#437));
#1549=EDGE_LOOP('',(#438));
#1550=EDGE_LOOP('',(#439));
#1551=EDGE_LOOP('',(#440));
#1552=EDGE_LOOP('',(#441));
#1553=EDGE_LOOP('',(#442));
#1554=EDGE_LOOP('',(#443));
#1555=EDGE_LOOP('',(#444,#445,#446,#447));
#1556=EDGE_LOOP('',(#448,#449,#450,#451));
#1557=EDGE_LOOP('',(#452,#453,#454,#455));
#1558=EDGE_LOOP('',(#456,#457,#458,#459));
#1559=EDGE_LOOP('',(#460,#461,#462,#463));
#1560=EDGE_LOOP('',(#464,#465,#466,#467));
#1561=EDGE_LOOP('',(#468,#469,#470,#471));
#1562=EDGE_LOOP('',(#472,#473,#474,#475));
#1563=EDGE_LOOP('',(#476,#477,#478,#479));
#1564=EDGE_LOOP('',(#480,#481,#482,#483));
#1565=EDGE_LOOP('',(#484,#485,#486,#487));
#1566=EDGE_LOOP('',(#488,#489,#490,#491));
#1567=EDGE_LOOP('',(#492,#493,#494,#495));
#1568=EDGE_LOOP('',(#496,#497,#498,#499));
#1569=EDGE_LOOP('',(#500,#501,#502,#503));
#1570=EDGE_LOOP('',(#504,#505,#506,#507));
#1571=EDGE_LOOP('',(#508,#509,#510,#511));
#1572=EDGE_LOOP('',(#512,#513,#514,#515));
#1573=EDGE_LOOP('',(#516,#517,#518,#519));
#1574=EDGE_LOOP('',(#520,#521,#522,#523));
#1575=EDGE_LOOP('',(#524,#525,#526,#527));
#1576=EDGE_LOOP('',(#528,#529,#530,#531));
#1577=EDGE_LOOP('',(#532,#533,#534,#535));
#1578=EDGE_LOOP('',(#536,#537,#538,#539));
#1579=EDGE_LOOP('',(#540,#541,#542,#543));
#1580=EDGE_LOOP('',(#544,#545,#546,#547));
#1581=EDGE_LOOP('',(#548,#549,#550,#551));
#1582=EDGE_LOOP('',(#552,#553,#554,#555));
#1583=EDGE_LOOP('',(#556,#557,#558,#559));
#1584=EDGE_LOOP('',(#560,#561,#562,#563));
#1585=EDGE_LOOP('',(#564,#565,#566,#567));
#1586=EDGE_LOOP('',(#568,#569,#570,#571));
#1587=EDGE_LOOP('',(#572,#573,#574,#575));
#1588=EDGE_LOOP('',(#576));
#1589=EDGE_LOOP('',(#577));
#1590=EDGE_LOOP('',(#578,#579,#580,#581));
#1591=EDGE_LOOP('',(#582));
#1592=EDGE_LOOP('',(#583,#584,#585,#586));
#1593=EDGE_LOOP('',(#587));
#1594=FACE_BOUND('',#1440,.T.);
#1595=FACE_BOUND('',#1441,.T.);
#1596=FACE_BOUND('',#1442,.T.);
#1597=FACE_BOUND('',#1443,.T.);
#1598=FACE_BOUND('',#1444,.T.);
#1599=FACE_BOUND('',#1445,.T.);
#1600=FACE_BOUND('',#1446,.T.);
#1601=FACE_BOUND('',#1447,.T.);
#1602=FACE_BOUND('',#1448,.T.);
#1603=FACE_BOUND('',#1449,.T.);
#1604=FACE_BOUND('',#1450,.T.);
#1605=FACE_BOUND('',#1451,.T.);
#1606=FACE_BOUND('',#1452,.T.);
#1607=FACE_BOUND('',#1453,.T.);
#1608=FACE_BOUND('',#1454,.T.);
#1609=FACE_BOUND('',#1455,.T.);
#1610=FACE_BOUND('',#1456,.T.);
#1611=FACE_BOUND('',#1457,.T.);
#1612=FACE_BOUND('',#1458,.T.);
#1613=FACE_BOUND('',#1459,.T.);
#1614=FACE_BOUND('',#1460,.T.);
#1615=FACE_BOUND('',#1461,.T.);
#1616=FACE_BOUND('',#1462,.T.);
#1617=FACE_BOUND('',#1463,.T.);
#1618=FACE_BOUND('',#1464,.T.);
#1619=FACE_BOUND('',#1465,.T.);
#1620=FACE_BOUND('',#1466,.T.);
#1621=FACE_BOUND('',#1467,.T.);
#1622=FACE_BOUND('',#1468,.T.);
#1623=FACE_BOUND('',#1469,.T.);
#1624=FACE_BOUND('',#1470,.T.);
#1625=FACE_BOUND('',#1471,.T.);
#1626=FACE_BOUND('',#1472,.T.);
#1627=FACE_BOUND('',#1473,.T.);
#1628=FACE_BOUND('',#1474,.T.);
#1629=FACE_BOUND('',#1475,.T.);
#1630=FACE_BOUND('',#1476,.T.);
#1631=FACE_BOUND('',#1477,.T.);
#1632=FACE_BOUND('',#1478,.T.);
#1633=FACE_BOUND('',#1479,.T.);
#1634=FACE_BOUND('',#1480,.T.);
#1635=FACE_BOUND('',#1481,.T.);
#1636=FACE_BOUND('',#1482,.T.);
#1637=FACE_BOUND('',#1483,.T.);
#1638=FACE_BOUND('',#1484,.T.);
#1639=FACE_BOUND('',#1485,.T.);
#1640=FACE_BOUND('',#1486,.T.);
#1641=FACE_BOUND('',#1487,.T.);
#1642=FACE_BOUND('',#1488,.T.);
#1643=FACE_BOUND('',#1489,.T.);
#1644=FACE_BOUND('',#1490,.T.);
#1645=FACE_BOUND('',#1491,.T.);
#1646=FACE_BOUND('',#1492,.T.);
#1647=FACE_BOUND('',#1493,.T.);
#1648=FACE_BOUND('',#1494,.T.);
#1649=FACE_BOUND('',#1495,.T.);
#1650=FACE_BOUND('',#1496,.T.);
#1651=FACE_BOUND('',#1497,.T.);
#1652=FACE_BOUND('',#1498,.T.);
#1653=FACE_BOUND('',#1499,.T.);
#1654=FACE_BOUND('',#1500,.T.);
#1655=FACE_BOUND('',#1501,.T.);
#1656=FACE_BOUND('',#1502,.T.);
#1657=FACE_BOUND('',#1503,.T.);
#1658=FACE_BOUND('',#1504,.T.);
#1659=FACE_BOUND('',#1505,.T.);
#1660=FACE_BOUND('',#1506,.T.);
#1661=FACE_BOUND('',#1507,.T.);
#1662=FACE_BOUND('',#1508,.T.);
#1663=FACE_BOUND('',#1509,.T.);
#1664=FACE_BOUND('',#1510,.T.);
#1665=FACE_BOUND('',#1511,.T.);
#1666=FACE_BOUND('',#1512,.T.);
#1667=FACE_BOUND('',#1513,.T.);
#1668=FACE_BOUND('',#1514,.T.);
#1669=FACE_BOUND('',#1515,.T.);
#1670=FACE_BOUND('',#1516,.T.);
#1671=FACE_BOUND('',#1517,.T.);
#1672=FACE_BOUND('',#1518,.T.);
#1673=FACE_BOUND('',#1519,.T.);
#1674=FACE_BOUND('',#1520,.T.);
#1675=FACE_BOUND('',#1521,.T.);
#1676=FACE_BOUND('',#1522,.T.);
#1677=FACE_BOUND('',#1523,.T.);
#1678=FACE_BOUND('',#1524,.T.);
#1679=FACE_BOUND('',#1525,.T.);
#1680=FACE_BOUND('',#1526,.T.);
#1681=FACE_BOUND('',#1527,.T.);
#1682=FACE_BOUND('',#1528,.T.);
#1683=FACE_BOUND('',#1529,.T.);
#1684=FACE_BOUND('',#1530,.T.);
#1685=FACE_BOUND('',#1531,.T.);
#1686=FACE_BOUND('',#1532,.T.);
#1687=FACE_BOUND('',#1533,.T.);
#1688=FACE_BOUND('',#1534,.T.);
#1689=FACE_BOUND('',#1535,.T.);
#1690=FACE_BOUND('',#1536,.T.);
#1691=FACE_BOUND('',#1537,.T.);
#1692=FACE_BOUND('',#1538,.T.);
#1693=FACE_BOUND('',#1539,.T.);
#1694=FACE_BOUND('',#1540,.T.);
#1695=FACE_BOUND('',#1541,.T.);
#1696=FACE_BOUND('',#1542,.T.);
#1697=FACE_BOUND('',#1543,.T.);
#1698=FACE_BOUND('',#1544,.T.);
#1699=FACE_BOUND('',#1545,.T.);
#1700=FACE_BOUND('',#1546,.T.);
#1701=FACE_BOUND('',#1547,.T.);
#1702=FACE_BOUND('',#1548,.T.);
#1703=FACE_BOUND('',#1549,.T.);
#1704=FACE_BOUND('',#1550,.T.);
#1705=FACE_BOUND('',#1551,.T.);
#1706=FACE_BOUND('',#1552,.T.);
#1707=FACE_BOUND('',#1553,.T.);
#1708=FACE_BOUND('',#1554,.T.);
#1709=FACE_BOUND('',#1555,.T.);
#1710=FACE_BOUND('',#1556,.T.);
#1711=FACE_BOUND('',#1557,.T.);
#1712=FACE_BOUND('',#1558,.T.);
#1713=FACE_BOUND('',#1559,.T.);
#1714=FACE_BOUND('',#1560,.T.);
#1715=FACE_BOUND('',#1561,.T.);
#1716=FACE_BOUND('',#1562,.T.);
#1717=FACE_BOUND('',#1563,.T.);
#1718=FACE_BOUND('',#1564,.T.);
#1719=FACE_BOUND('',#1565,.T.);
#1720=FACE_BOUND('',#1566,.T.);
#1721=FACE_BOUND('',#1567,.T.);
#1722=FACE_BOUND('',#1568,.T.);
#1723=FACE_BOUND('',#1569,.T.);
#1724=FACE_BOUND('',#1570,.T.);
#1725=FACE_BOUND('',#1571,.T.);
#1726=FACE_BOUND('',#1572,.T.);
#1727=FACE_BOUND('',#1573,.T.);
#1728=FACE_BOUND('',#1574,.T.);
#1729=FACE_BOUND('',#1575,.T.);
#1730=FACE_BOUND('',#1576,.T.);
#1731=FACE_BOUND('',#1577,.T.);
#1732=FACE_BOUND('',#1578,.T.);
#1733=FACE_BOUND('',#1579,.T.);
#1734=FACE_BOUND('',#1580,.T.);
#1735=FACE_BOUND('',#1581,.T.);
#1736=FACE_BOUND('',#1582,.T.);
#1737=FACE_BOUND('',#1583,.T.);
#1738=FACE_BOUND('',#1584,.T.);
#1739=FACE_BOUND('',#1585,.T.);
#1740=FACE_BOUND('',#1586,.T.);
#1741=FACE_BOUND('',#1587,.T.);
#1742=FACE_BOUND('',#1588,.T.);
#1743=FACE_BOUND('',#1589,.T.);
#1744=FACE_BOUND('',#1590,.T.);
#1745=FACE_BOUND('',#1591,.T.);
#1746=FACE_BOUND('',#1592,.T.);
#1747=FACE_BOUND('',#1593,.T.);
#1748=PLANE('',#2026);
#1749=PLANE('',#2027);
#1750=PLANE('',#2028);
#1751=PLANE('',#2032);
#1752=PLANE('',#2033);
#1753=PLANE('',#2034);
#1754=PLANE('',#2036);
#1755=PLANE('',#2037);
#1756=PLANE('',#2038);
#1757=PLANE('',#2039);
#1758=PLANE('',#2043);
#1759=PLANE('',#2044);
#1760=PLANE('',#2046);
#1761=PLANE('',#2047);
#1762=PLANE('',#2048);
#1763=PLANE('',#2049);
#1764=PLANE('',#2050);
#1765=PLANE('',#2051);
#1766=PLANE('',#2053);
#1767=PLANE('',#2054);
#1768=PLANE('',#2055);
#1769=PLANE('',#2056);
#1770=PLANE('',#2057);
#1771=PLANE('',#2058);
#1772=PLANE('',#2059);
#1773=PLANE('',#2072);
#1774=PLANE('',#2073);
#1775=PLANE('',#2078);
#1776=PLANE('',#2088);
#1777=PLANE('',#2089);
#1778=PLANE('',#2090);
#1779=PLANE('',#2091);
#1780=PLANE('',#2095);
#1781=PLANE('',#2096);
#1782=PLANE('',#2098);
#1783=PLANE('',#2099);
#1784=PLANE('',#2100);
#1785=PLANE('',#2101);
#1786=PLANE('',#2102);
#1787=PLANE('',#2103);
#1788=PLANE('',#2104);
#1789=PLANE('',#2105);
#1790=PLANE('',#2106);
#1791=PLANE('',#2107);
#1792=PLANE('',#2112);
#1793=PLANE('',#2121);
#1794=PLANE('',#2122);
#1795=PLANE('',#2123);
#1796=PLANE('',#2124);
#1797=PLANE('',#2125);
#1798=PLANE('',#2126);
#1799=PLANE('',#2127);
#1800=PLANE('',#2130);
#1801=PLANE('',#2133);
#1802=PLANE('',#2136);
#1803=PLANE('',#2139);
#1804=PLANE('',#2140);
#1805=PLANE('',#2141);
#1806=PLANE('',#2142);
#1807=PLANE('',#2143);
#1808=PLANE('',#2144);
#1809=PLANE('',#2145);
#1810=PLANE('',#2146);
#1811=PLANE('',#2147);
#1812=PLANE('',#2148);
#1813=PLANE('',#2149);
#1814=PLANE('',#2150);
#1815=PLANE('',#2151);
#1816=PLANE('',#2152);
#1817=PLANE('',#2153);
#1818=PLANE('',#2154);
#1819=PLANE('',#2155);
#1820=PLANE('',#2156);
#1821=PLANE('',#2157);
#1822=PLANE('',#2158);
#1823=PLANE('',#2159);
#1824=PLANE('',#2160);
#1825=PLANE('',#2161);
#1826=PLANE('',#2162);
#1827=PLANE('',#2163);
#1828=PLANE('',#2164);
#1829=PLANE('',#2170);
#1830=PLANE('',#2171);
#1831=PLANE('',#2172);
#1832=PLANE('',#2173);
#1833=PLANE('',#2177);
#1834=PLANE('',#2178);
#1835=ADVANCED_FACE('',(#1594),#1748,.T.);
#1836=ADVANCED_FACE('',(#1595),#1749,.T.);
#1837=ADVANCED_FACE('',(#1596),#1750,.F.);
#1838=ADVANCED_FACE('',(#1597,#1598),#64,.F.);
#1839=ADVANCED_FACE('',(#1599),#1751,.T.);
#1840=ADVANCED_FACE('',(#1600,#1601),#1752,.F.);
#1841=ADVANCED_FACE('',(#1602,#1603),#1753,.T.);
#1842=ADVANCED_FACE('',(#1604),#1754,.F.);
#1843=ADVANCED_FACE('',(#1605),#1755,.F.);
#1844=ADVANCED_FACE('',(#1606),#1756,.T.);
#1845=ADVANCED_FACE('',(#1607),#1757,.F.);
#1846=ADVANCED_FACE('',(#1608,#1609),#65,.F.);
#1847=ADVANCED_FACE('',(#1610,#1611),#1758,.F.);
#1848=ADVANCED_FACE('',(#1612,#1613),#1759,.T.);
#1849=ADVANCED_FACE('',(#1614),#1760,.T.);
#1850=ADVANCED_FACE('',(#1615),#1761,.F.);
#1851=ADVANCED_FACE('',(#1616),#1762,.F.);
#1852=ADVANCED_FACE('',(#1617),#1763,.T.);
#1853=ADVANCED_FACE('',(#1618),#1764,.T.);
#1854=ADVANCED_FACE('',(#1619),#1765,.F.);
#1855=ADVANCED_FACE('',(#1620),#1766,.T.);
#1856=ADVANCED_FACE('',(#1621),#1767,.F.);
#1857=ADVANCED_FACE('',(#1622),#1768,.F.);
#1858=ADVANCED_FACE('',(#1623),#1769,.T.);
#1859=ADVANCED_FACE('',(#1624),#1770,.F.);
#1860=ADVANCED_FACE('',(#1625),#1771,.F.);
#1861=ADVANCED_FACE('',(#1626),#1772,.T.);
#1862=ADVANCED_FACE('',(#1627,#1628),#66,.F.);
#1863=ADVANCED_FACE('',(#1629,#1630),#67,.F.);
#1864=ADVANCED_FACE('',(#1631,#1632),#68,.F.);
#1865=ADVANCED_FACE('',(#1633,#1634),#69,.F.);
#1866=ADVANCED_FACE('',(#1635),#1773,.T.);
#1867=ADVANCED_FACE('',(#1636,#1637,#1638,#1639,#1640,#1641),#1774,.T.);
#1868=ADVANCED_FACE('',(#1642,#1643,#1644,#1645,#1646,#1647),#1775,.F.);
#1869=ADVANCED_FACE('',(#1648),#70,.T.);
#1870=ADVANCED_FACE('',(#1649),#71,.T.);
#1871=ADVANCED_FACE('',(#1650),#72,.T.);
#1872=ADVANCED_FACE('',(#1651),#73,.T.);
#1873=ADVANCED_FACE('',(#1652),#1776,.F.);
#1874=ADVANCED_FACE('',(#1653),#1777,.T.);
#1875=ADVANCED_FACE('',(#1654),#1778,.T.);
#1876=ADVANCED_FACE('',(#1655),#1779,.F.);
#1877=ADVANCED_FACE('',(#1656,#1657),#74,.F.);
#1878=ADVANCED_FACE('',(#1658,#1659),#1780,.F.);
#1879=ADVANCED_FACE('',(#1660,#1661),#1781,.T.);
#1880=ADVANCED_FACE('',(#1662,#1663),#1782,.T.);
#1881=ADVANCED_FACE('',(#1664,#1665),#1783,.F.);
#1882=ADVANCED_FACE('',(#1666,#1667,#1668,#1669),#1784,.F.);
#1883=ADVANCED_FACE('',(#1670,#1671,#1672,#1673),#1785,.T.);
#1884=ADVANCED_FACE('',(#1674,#1675),#1786,.F.);
#1885=ADVANCED_FACE('',(#1676,#1677),#1787,.T.);
#1886=ADVANCED_FACE('',(#1678,#1679),#1788,.T.);
#1887=ADVANCED_FACE('',(#1680),#1789,.F.);
#1888=ADVANCED_FACE('',(#1681),#1790,.T.);
#1889=ADVANCED_FACE('',(#1682,#1683),#1791,.T.);
#1890=ADVANCED_FACE('',(#1684,#1685,#1686,#1687,#1688,#1689),#1792,.F.);
#1891=ADVANCED_FACE('',(#1690),#1793,.F.);
#1892=ADVANCED_FACE('',(#1691),#1794,.T.);
#1893=ADVANCED_FACE('',(#1692),#1795,.T.);
#1894=ADVANCED_FACE('',(#1693),#1796,.F.);
#1895=ADVANCED_FACE('',(#1694),#1797,.F.);
#1896=ADVANCED_FACE('',(#1695),#1798,.F.);
#1897=ADVANCED_FACE('',(#1696),#1799,.T.);
#1898=ADVANCED_FACE('',(#1697,#1698),#75,.F.);
#1899=ADVANCED_FACE('',(#1699),#1800,.T.);
#1900=ADVANCED_FACE('',(#1700,#1701),#76,.F.);
#1901=ADVANCED_FACE('',(#1702),#1801,.T.);
#1902=ADVANCED_FACE('',(#1703,#1704),#77,.F.);
#1903=ADVANCED_FACE('',(#1705),#1802,.T.);
#1904=ADVANCED_FACE('',(#1706,#1707),#78,.F.);
#1905=ADVANCED_FACE('',(#1708),#1803,.T.);
#1906=ADVANCED_FACE('',(#1709),#1804,.T.);
#1907=ADVANCED_FACE('',(#1710),#1805,.T.);
#1908=ADVANCED_FACE('',(#1711),#1806,.F.);
#1909=ADVANCED_FACE('',(#1712),#1807,.F.);
#1910=ADVANCED_FACE('',(#1713),#1808,.T.);
#1911=ADVANCED_FACE('',(#1714),#1809,.T.);
#1912=ADVANCED_FACE('',(#1715),#1810,.F.);
#1913=ADVANCED_FACE('',(#1716),#1811,.F.);
#1914=ADVANCED_FACE('',(#1717),#1812,.T.);
#1915=ADVANCED_FACE('',(#1718),#1813,.T.);
#1916=ADVANCED_FACE('',(#1719),#1814,.F.);
#1917=ADVANCED_FACE('',(#1720),#1815,.F.);
#1918=ADVANCED_FACE('',(#1721),#1816,.T.);
#1919=ADVANCED_FACE('',(#1722),#1817,.T.);
#1920=ADVANCED_FACE('',(#1723),#1818,.F.);
#1921=ADVANCED_FACE('',(#1724),#1819,.F.);
#1922=ADVANCED_FACE('',(#1725),#1820,.T.);
#1923=ADVANCED_FACE('',(#1726),#1821,.T.);
#1924=ADVANCED_FACE('',(#1727),#1822,.F.);
#1925=ADVANCED_FACE('',(#1728),#1823,.F.);
#1926=ADVANCED_FACE('',(#1729),#1824,.T.);
#1927=ADVANCED_FACE('',(#1730),#1825,.T.);
#1928=ADVANCED_FACE('',(#1731),#1826,.F.);
#1929=ADVANCED_FACE('',(#1732),#1827,.F.);
#1930=ADVANCED_FACE('',(#1733),#1828,.T.);
#1931=ADVANCED_FACE('',(#1734),#79,.T.);
#1932=ADVANCED_FACE('',(#1735),#80,.T.);
#1933=ADVANCED_FACE('',(#1736),#81,.T.);
#1934=ADVANCED_FACE('',(#1737),#82,.T.);
#1935=ADVANCED_FACE('',(#1738),#1829,.F.);
#1936=ADVANCED_FACE('',(#1739),#1830,.F.);
#1937=ADVANCED_FACE('',(#1740),#1831,.T.);
#1938=ADVANCED_FACE('',(#1741),#1832,.T.);
#1939=ADVANCED_FACE('',(#1742,#1743),#83,.F.);
#1940=ADVANCED_FACE('',(#1744,#1745),#1833,.F.);
#1941=ADVANCED_FACE('',(#1746,#1747),#1834,.T.);
#1942=CLOSED_SHELL('',(#1835,#1836,#1837,#1838,#1839,#1840,#1841));
#1943=CLOSED_SHELL('',(#1842,#1843,#1844,#1845,#1846,#1847,#1848));
#1944=CLOSED_SHELL('',(#1849,#1850,#1851,#1852,#1853,#1854));
#1945=CLOSED_SHELL('',(#1855,#1856,#1857,#1858,#1859,#1860,#1861,#1862,
#1863,#1864,#1865,#1866,#1867,#1868,#1869,#1870,#1871,#1872));
#1946=CLOSED_SHELL('',(#1873,#1874,#1875,#1876,#1877,#1878,#1879));
#1947=CLOSED_SHELL('',(#1880,#1881,#1882,#1883,#1884,#1885,#1886,#1887,
#1888,#1889,#1890,#1891,#1892,#1893,#1894,#1895,#1896,#1897,#1898,#1899,
#1900,#1901,#1902,#1903,#1904,#1905,#1906,#1907,#1908,#1909,#1910,#1911,
#1912,#1913,#1914,#1915,#1916,#1917,#1918,#1919,#1920,#1921,#1922,#1923,
#1924,#1925,#1926,#1927,#1928,#1929,#1930,#1931,#1932,#1933,#1934));
#1948=CLOSED_SHELL('',(#1935,#1936,#1937,#1938,#1939,#1940,#1941));
#1949=STYLED_ITEM('',(#1956),#2004);
#1950=STYLED_ITEM('',(#1957),#2005);
#1951=STYLED_ITEM('',(#1958),#2006);
#1952=STYLED_ITEM('',(#1959),#2007);
#1953=STYLED_ITEM('',(#1960),#2008);
#1954=STYLED_ITEM('',(#1961),#2009);
#1955=STYLED_ITEM('',(#1962),#2010);
#1956=PRESENTATION_STYLE_ASSIGNMENT((#1963));
#1957=PRESENTATION_STYLE_ASSIGNMENT((#1964));
#1958=PRESENTATION_STYLE_ASSIGNMENT((#1965));
#1959=PRESENTATION_STYLE_ASSIGNMENT((#1966));
#1960=PRESENTATION_STYLE_ASSIGNMENT((#1967));
#1961=PRESENTATION_STYLE_ASSIGNMENT((#1968));
#1962=PRESENTATION_STYLE_ASSIGNMENT((#1969));
#1963=SURFACE_STYLE_USAGE(.BOTH.,#1970);
#1964=SURFACE_STYLE_USAGE(.BOTH.,#1971);
#1965=SURFACE_STYLE_USAGE(.BOTH.,#1972);
#1966=SURFACE_STYLE_USAGE(.BOTH.,#1973);
#1967=SURFACE_STYLE_USAGE(.BOTH.,#1974);
#1968=SURFACE_STYLE_USAGE(.BOTH.,#1975);
#1969=SURFACE_STYLE_USAGE(.BOTH.,#1976);
#1970=SURFACE_SIDE_STYLE('',(#1977));
#1971=SURFACE_SIDE_STYLE('',(#1978));
#1972=SURFACE_SIDE_STYLE('',(#1979));
#1973=SURFACE_SIDE_STYLE('',(#1980));
#1974=SURFACE_SIDE_STYLE('',(#1981));
#1975=SURFACE_SIDE_STYLE('',(#1982));
#1976=SURFACE_SIDE_STYLE('',(#1983));
#1977=SURFACE_STYLE_FILL_AREA(#1984);
#1978=SURFACE_STYLE_FILL_AREA(#1985);
#1979=SURFACE_STYLE_FILL_AREA(#1986);
#1980=SURFACE_STYLE_FILL_AREA(#1987);
#1981=SURFACE_STYLE_FILL_AREA(#1988);
#1982=SURFACE_STYLE_FILL_AREA(#1989);
#1983=SURFACE_STYLE_FILL_AREA(#1990);
#1984=FILL_AREA_STYLE('',(#1991));
#1985=FILL_AREA_STYLE('',(#1992));
#1986=FILL_AREA_STYLE('',(#1993));
#1987=FILL_AREA_STYLE('',(#1994));
#1988=FILL_AREA_STYLE('',(#1995));
#1989=FILL_AREA_STYLE('',(#1996));
#1990=FILL_AREA_STYLE('',(#1997));
#1991=FILL_AREA_STYLE_COLOUR('',#1998);
#1992=FILL_AREA_STYLE_COLOUR('',#1999);
#1993=FILL_AREA_STYLE_COLOUR('',#2000);
#1994=FILL_AREA_STYLE_COLOUR('',#2001);
#1995=FILL_AREA_STYLE_COLOUR('',#2002);
#1996=FILL_AREA_STYLE_COLOUR('',#2000);
#1997=FILL_AREA_STYLE_COLOUR('',#2003);
#1998=COLOUR_RGB('',0.768627450980392,0.886274509803922,0.952941176470588);
#1999=COLOUR_RGB('',0.647058823529412,0.647058823529412,0.647058823529412);
#2000=COLOUR_RGB('',0.615686274509804,0.811764705882353,0.929411764705882);
#2001=COLOUR_RGB('',0.541176470588235,0.682352941176471,0.83921568627451);
#2002=COLOUR_RGB('',0.231372549019608,0.380392156862745,0.705882352941177);
#2003=COLOUR_RGB('',0.917647058823529,0.917647058823529,0.917647058823529);
#2004=MANIFOLD_SOLID_BREP('Part 6',#1942);
#2005=MANIFOLD_SOLID_BREP('Part 3',#1943);
#2006=MANIFOLD_SOLID_BREP('Part 1',#1944);
#2007=MANIFOLD_SOLID_BREP('Part 7',#1945);
#2008=MANIFOLD_SOLID_BREP('Part 4',#1946);
#2009=MANIFOLD_SOLID_BREP('Part 2',#1947);
#2010=MANIFOLD_SOLID_BREP('Part 5',#1948);
#2011=SHAPE_DEFINITION_REPRESENTATION(#3283,#2018);
#2012=SHAPE_DEFINITION_REPRESENTATION(#3284,#2019);
#2013=SHAPE_DEFINITION_REPRESENTATION(#3285,#2020);
#2014=SHAPE_DEFINITION_REPRESENTATION(#3286,#2021);
#2015=SHAPE_DEFINITION_REPRESENTATION(#3287,#2022);
#2016=SHAPE_DEFINITION_REPRESENTATION(#3288,#2023);
#2017=SHAPE_DEFINITION_REPRESENTATION(#3289,#2024);
#2018=SHAPE_REPRESENTATION('Part 6',(#2025),#3248);
#2019=SHAPE_REPRESENTATION('Part 3',(#2035),#3249);
#2020=SHAPE_REPRESENTATION('Part 1',(#2045),#3250);
#2021=SHAPE_REPRESENTATION('Part 7',(#2052),#3251);
#2022=SHAPE_REPRESENTATION('Part 4',(#2087),#3252);
#2023=SHAPE_REPRESENTATION('Part 2',(#2097),#3253);
#2024=SHAPE_REPRESENTATION('Part 5',(#2169),#3254);
#2025=AXIS2_PLACEMENT_3D('',#2699,#2179,#2180);
#2026=AXIS2_PLACEMENT_3D('',#2700,#2181,#2182);
#2027=AXIS2_PLACEMENT_3D('',#2709,#2187,#2188);
#2028=AXIS2_PLACEMENT_3D('',#2715,#2192,#2193);
#2029=AXIS2_PLACEMENT_3D('',#2721,#2197,#2198);
#2030=AXIS2_PLACEMENT_3D('',#2722,#2199,#2200);
#2031=AXIS2_PLACEMENT_3D('',#2724,#2201,#2202);
#2032=AXIS2_PLACEMENT_3D('',#2726,#2203,#2204);
#2033=AXIS2_PLACEMENT_3D('',#2729,#2207,#2208);
#2034=AXIS2_PLACEMENT_3D('',#2730,#2209,#2210);
#2035=AXIS2_PLACEMENT_3D('',#2731,#2211,#2212);
#2036=AXIS2_PLACEMENT_3D('',#2732,#2213,#2214);
#2037=AXIS2_PLACEMENT_3D('',#2741,#2219,#2220);
#2038=AXIS2_PLACEMENT_3D('',#2747,#2224,#2225);
#2039=AXIS2_PLACEMENT_3D('',#2753,#2229,#2230);
#2040=AXIS2_PLACEMENT_3D('',#2756,#2233,#2234);
#2041=AXIS2_PLACEMENT_3D('',#2757,#2235,#2236);
#2042=AXIS2_PLACEMENT_3D('',#2759,#2237,#2238);
#2043=AXIS2_PLACEMENT_3D('',#2761,#2239,#2240);
#2044=AXIS2_PLACEMENT_3D('',#2762,#2241,#2242);
#2045=AXIS2_PLACEMENT_3D('',#2763,#2243,#2244);
#2046=AXIS2_PLACEMENT_3D('',#2764,#2245,#2246);
#2047=AXIS2_PLACEMENT_3D('',#2773,#2251,#2252);
#2048=AXIS2_PLACEMENT_3D('',#2779,#2256,#2257);
#2049=AXIS2_PLACEMENT_3D('',#2785,#2261,#2262);
#2050=AXIS2_PLACEMENT_3D('',#2788,#2265,#2266);
#2051=AXIS2_PLACEMENT_3D('',#2789,#2267,#2268);
#2052=AXIS2_PLACEMENT_3D('',#2790,#2269,#2270);
#2053=AXIS2_PLACEMENT_3D('',#2791,#2271,#2272);
#2054=AXIS2_PLACEMENT_3D('',#2800,#2277,#2278);
#2055=AXIS2_PLACEMENT_3D('',#2809,#2283,#2284);
#2056=AXIS2_PLACEMENT_3D('',#2818,#2289,#2290);
#2057=AXIS2_PLACEMENT_3D('',#2827,#2295,#2296);
#2058=AXIS2_PLACEMENT_3D('',#2833,#2300,#2301);
#2059=AXIS2_PLACEMENT_3D('',#2839,#2305,#2306);
#2060=AXIS2_PLACEMENT_3D('',#2842,#2309,#2310);
#2061=AXIS2_PLACEMENT_3D('',#2843,#2311,#2312);
#2062=AXIS2_PLACEMENT_3D('',#2845,#2313,#2314);
#2063=AXIS2_PLACEMENT_3D('',#2847,#2315,#2316);
#2064=AXIS2_PLACEMENT_3D('',#2848,#2317,#2318);
#2065=AXIS2_PLACEMENT_3D('',#2850,#2319,#2320);
#2066=AXIS2_PLACEMENT_3D('',#2852,#2321,#2322);
#2067=AXIS2_PLACEMENT_3D('',#2853,#2323,#2324);
#2068=AXIS2_PLACEMENT_3D('',#2855,#2325,#2326);
#2069=AXIS2_PLACEMENT_3D('',#2857,#2327,#2328);
#2070=AXIS2_PLACEMENT_3D('',#2858,#2329,#2330);
#2071=AXIS2_PLACEMENT_3D('',#2860,#2331,#2332);
#2072=AXIS2_PLACEMENT_3D('',#2862,#2333,#2334);
#2073=AXIS2_PLACEMENT_3D('',#2871,#2339,#2340);
#2074=AXIS2_PLACEMENT_3D('',#2872,#2341,#2342);
#2075=AXIS2_PLACEMENT_3D('',#2873,#2343,#2344);
#2076=AXIS2_PLACEMENT_3D('',#2874,#2345,#2346);
#2077=AXIS2_PLACEMENT_3D('',#2875,#2347,#2348);
#2078=AXIS2_PLACEMENT_3D('',#2876,#2349,#2350);
#2079=AXIS2_PLACEMENT_3D('',#2877,#2351,#2352);
#2080=AXIS2_PLACEMENT_3D('',#2878,#2353,#2354);
#2081=AXIS2_PLACEMENT_3D('',#2879,#2355,#2356);
#2082=AXIS2_PLACEMENT_3D('',#2880,#2357,#2358);
#2083=AXIS2_PLACEMENT_3D('',#2881,#2359,#2360);
#2084=AXIS2_PLACEMENT_3D('',#2882,#2361,#2362);
#2085=AXIS2_PLACEMENT_3D('',#2883,#2363,#2364);
#2086=AXIS2_PLACEMENT_3D('',#2884,#2365,#2366);
#2087=AXIS2_PLACEMENT_3D('',#2885,#2367,#2368);
#2088=AXIS2_PLACEMENT_3D('',#2886,#2369,#2370);
#2089=AXIS2_PLACEMENT_3D('',#2895,#2375,#2376);
#2090=AXIS2_PLACEMENT_3D('',#2901,#2380,#2381);
#2091=AXIS2_PLACEMENT_3D('',#2907,#2385,#2386);
#2092=AXIS2_PLACEMENT_3D('',#2910,#2389,#2390);
#2093=AXIS2_PLACEMENT_3D('',#2911,#2391,#2392);
#2094=AXIS2_PLACEMENT_3D('',#2913,#2393,#2394);
#2095=AXIS2_PLACEMENT_3D('',#2915,#2395,#2396);
#2096=AXIS2_PLACEMENT_3D('',#2916,#2397,#2398);
#2097=AXIS2_PLACEMENT_3D('',#2917,#2399,#2400);
#2098=AXIS2_PLACEMENT_3D('',#2918,#2401,#2402);
#2099=AXIS2_PLACEMENT_3D('',#2935,#2411,#2412);
#2100=AXIS2_PLACEMENT_3D('',#2952,#2421,#2422);
#2101=AXIS2_PLACEMENT_3D('',#2985,#2439,#2440);
#2102=AXIS2_PLACEMENT_3D('',#3019,#2458,#2459);
#2103=AXIS2_PLACEMENT_3D('',#3041,#2471,#2472);
#2104=AXIS2_PLACEMENT_3D('',#3058,#2481,#2482);
#2105=AXIS2_PLACEMENT_3D('',#3075,#2491,#2492);
#2106=AXIS2_PLACEMENT_3D('',#3082,#2497,#2498);
#2107=AXIS2_PLACEMENT_3D('',#3091,#2503,#2504);
#2108=AXIS2_PLACEMENT_3D('',#3092,#2505,#2506);
#2109=AXIS2_PLACEMENT_3D('',#3093,#2507,#2508);
#2110=AXIS2_PLACEMENT_3D('',#3094,#2509,#2510);
#2111=AXIS2_PLACEMENT_3D('',#3095,#2511,#2512);
#2112=AXIS2_PLACEMENT_3D('',#3096,#2513,#2514);
#2113=AXIS2_PLACEMENT_3D('',#3097,#2515,#2516);
#2114=AXIS2_PLACEMENT_3D('',#3099,#2517,#2518);
#2115=AXIS2_PLACEMENT_3D('',#3101,#2519,#2520);
#2116=AXIS2_PLACEMENT_3D('',#3103,#2521,#2522);
#2117=AXIS2_PLACEMENT_3D('',#3105,#2523,#2524);
#2118=AXIS2_PLACEMENT_3D('',#3106,#2525,#2526);
#2119=AXIS2_PLACEMENT_3D('',#3107,#2527,#2528);
#2120=AXIS2_PLACEMENT_3D('',#3108,#2529,#2530);
#2121=AXIS2_PLACEMENT_3D('',#3116,#2536,#2537);
#2122=AXIS2_PLACEMENT_3D('',#3120,#2540,#2541);
#2123=AXIS2_PLACEMENT_3D('',#3122,#2543,#2544);
#2124=AXIS2_PLACEMENT_3D('',#3123,#2545,#2546);
#2125=AXIS2_PLACEMENT_3D('',#3127,#2549,#2550);
#2126=AXIS2_PLACEMENT_3D('',#3129,#2552,#2553);
#2127=AXIS2_PLACEMENT_3D('',#3131,#2555,#2556);
#2128=AXIS2_PLACEMENT_3D('',#3132,#2557,#2558);
#2129=AXIS2_PLACEMENT_3D('',#3133,#2559,#2560);
#2130=AXIS2_PLACEMENT_3D('',#3135,#2561,#2562);
#2131=AXIS2_PLACEMENT_3D('',#3136,#2563,#2564);
#2132=AXIS2_PLACEMENT_3D('',#3137,#2565,#2566);
#2133=AXIS2_PLACEMENT_3D('',#3139,#2567,#2568);
#2134=AXIS2_PLACEMENT_3D('',#3140,#2569,#2570);
#2135=AXIS2_PLACEMENT_3D('',#3141,#2571,#2572);
#2136=AXIS2_PLACEMENT_3D('',#3143,#2573,#2574);
#2137=AXIS2_PLACEMENT_3D('',#3144,#2575,#2576);
#2138=AXIS2_PLACEMENT_3D('',#3145,#2577,#2578);
#2139=AXIS2_PLACEMENT_3D('',#3147,#2579,#2580);
#2140=AXIS2_PLACEMENT_3D('',#3148,#2581,#2582);
#2141=AXIS2_PLACEMENT_3D('',#3157,#2587,#2588);
#2142=AXIS2_PLACEMENT_3D('',#3160,#2591,#2592);
#2143=AXIS2_PLACEMENT_3D('',#3162,#2594,#2595);
#2144=AXIS2_PLACEMENT_3D('',#3164,#2597,#2598);
#2145=AXIS2_PLACEMENT_3D('',#3165,#2599,#2600);
#2146=AXIS2_PLACEMENT_3D('',#3168,#2603,#2604);
#2147=AXIS2_PLACEMENT_3D('',#3170,#2606,#2607);
#2148=AXIS2_PLACEMENT_3D('',#3172,#2609,#2610);
#2149=AXIS2_PLACEMENT_3D('',#3173,#2611,#2612);
#2150=AXIS2_PLACEMENT_3D('',#3176,#2615,#2616);
#2151=AXIS2_PLACEMENT_3D('',#3178,#2618,#2619);
#2152=AXIS2_PLACEMENT_3D('',#3180,#2621,#2622);
#2153=AXIS2_PLACEMENT_3D('',#3181,#2623,#2624);
#2154=AXIS2_PLACEMENT_3D('',#3184,#2627,#2628);
#2155=AXIS2_PLACEMENT_3D('',#3186,#2630,#2631);
#2156=AXIS2_PLACEMENT_3D('',#3188,#2633,#2634);
#2157=AXIS2_PLACEMENT_3D('',#3189,#2635,#2636);
#2158=AXIS2_PLACEMENT_3D('',#3192,#2639,#2640);
#2159=AXIS2_PLACEMENT_3D('',#3194,#2642,#2643);
#2160=AXIS2_PLACEMENT_3D('',#3196,#2645,#2646);
#2161=AXIS2_PLACEMENT_3D('',#3197,#2647,#2648);
#2162=AXIS2_PLACEMENT_3D('',#3200,#2651,#2652);
#2163=AXIS2_PLACEMENT_3D('',#3202,#2654,#2655);
#2164=AXIS2_PLACEMENT_3D('',#3204,#2657,#2658);
#2165=AXIS2_PLACEMENT_3D('',#3205,#2659,#2660);
#2166=AXIS2_PLACEMENT_3D('',#3206,#2661,#2662);
#2167=AXIS2_PLACEMENT_3D('',#3207,#2663,#2664);
#2168=AXIS2_PLACEMENT_3D('',#3208,#2665,#2666);
#2169=AXIS2_PLACEMENT_3D('',#3209,#2667,#2668);
#2170=AXIS2_PLACEMENT_3D('',#3210,#2669,#2670);
#2171=AXIS2_PLACEMENT_3D('',#3219,#2675,#2676);
#2172=AXIS2_PLACEMENT_3D('',#3225,#2680,#2681);
#2173=AXIS2_PLACEMENT_3D('',#3231,#2685,#2686);
#2174=AXIS2_PLACEMENT_3D('',#3234,#2689,#2690);
#2175=AXIS2_PLACEMENT_3D('',#3235,#2691,#2692);
#2176=AXIS2_PLACEMENT_3D('',#3237,#2693,#2694);
#2177=AXIS2_PLACEMENT_3D('',#3239,#2695,#2696);
#2178=AXIS2_PLACEMENT_3D('',#3240,#2697,#2698);
#2179=DIRECTION('',(0.,0.,1.));
#2180=DIRECTION('',(1.,0.,0.));
#2181=DIRECTION('',(1.,0.,0.));
#2182=DIRECTION('',(0.,0.,-1.));
#2183=DIRECTION('',(0.,0.,1.));
#2184=DIRECTION('',(0.,-1.,0.));
#2185=DIRECTION('',(0.,0.,1.));
#2186=DIRECTION('',(0.,-1.,0.));
#2187=DIRECTION('',(0.,0.,1.));
#2188=DIRECTION('',(1.,0.,0.));
#2189=DIRECTION('',(-1.,0.,0.));
#2190=DIRECTION('',(-1.,0.,0.));
#2191=DIRECTION('',(0.,-1.,0.));
#2192=DIRECTION('',(1.,0.,1.60776492243841E-16));
#2193=DIRECTION('',(1.60776492243841E-16,0.,-1.));
#2194=DIRECTION('',(-1.60776492243841E-16,0.,1.));
#2195=DIRECTION('',(-1.60776492243841E-16,0.,1.));
#2196=DIRECTION('',(0.,-1.,0.));
#2197=DIRECTION('',(0.,-1.,0.));
#2198=DIRECTION('',(0.,0.,-1.));
#2199=DIRECTION('',(0.,-1.,0.));
#2200=DIRECTION('',(0.,0.,-1.));
#2201=DIRECTION('',(0.,-1.,0.));
#2202=DIRECTION('',(0.,0.,-1.));
#2203=DIRECTION('',(0.,0.,-1.));
#2204=DIRECTION('',(-1.,0.,0.));
#2205=DIRECTION('',(1.,0.,0.));
#2206=DIRECTION('',(1.,0.,0.));
#2207=DIRECTION('',(0.,-1.,0.));
#2208=DIRECTION('',(1.,0.,0.));
#2209=DIRECTION('',(0.,-1.,0.));
#2210=DIRECTION('',(1.,0.,0.));
#2211=DIRECTION('',(0.,0.,1.));
#2212=DIRECTION('',(1.,0.,0.));
#2213=DIRECTION('',(0.,0.,-1.));
#2214=DIRECTION('',(-1.,0.,0.));
#2215=DIRECTION('',(1.,0.,0.));
#2216=DIRECTION('',(0.,-1.,0.));
#2217=DIRECTION('',(1.,0.,0.));
#2218=DIRECTION('',(0.,-1.,0.));
#2219=DIRECTION('',(1.,0.,0.));
#2220=DIRECTION('',(0.,0.,-1.));
#2221=DIRECTION('',(0.,0.,1.));
#2222=DIRECTION('',(0.,0.,1.));
#2223=DIRECTION('',(0.,-1.,0.));
#2224=DIRECTION('',(0.,0.,-1.));
#2225=DIRECTION('',(-1.,0.,0.));
#2226=DIRECTION('',(1.,0.,0.));
#2227=DIRECTION('',(1.,0.,0.));
#2228=DIRECTION('',(0.,-1.,0.));
#2229=DIRECTION('',(-1.,0.,0.));
#2230=DIRECTION('',(0.,0.,1.));
#2231=DIRECTION('',(0.,0.,-1.));
#2232=DIRECTION('',(0.,0.,-1.));
#2233=DIRECTION('',(0.,-1.,0.));
#2234=DIRECTION('',(0.,0.,-1.));
#2235=DIRECTION('',(0.,-1.,0.));
#2236=DIRECTION('',(0.,0.,-1.));
#2237=DIRECTION('',(0.,-1.,0.));
#2238=DIRECTION('',(0.,0.,-1.));
#2239=DIRECTION('',(0.,-1.,0.));
#2240=DIRECTION('',(1.,0.,0.));
#2241=DIRECTION('',(0.,-1.,0.));
#2242=DIRECTION('',(1.,0.,0.));
#2243=DIRECTION('',(0.,0.,1.));
#2244=DIRECTION('',(1.,0.,0.));
#2245=DIRECTION('',(-1.,0.,0.));
#2246=DIRECTION('',(0.,0.,1.));
#2247=DIRECTION('',(0.,0.,1.));
#2248=DIRECTION('',(0.,1.,0.));
#2249=DIRECTION('',(0.,0.,1.));
#2250=DIRECTION('',(0.,1.,0.));
#2251=DIRECTION('',(0.,0.,1.));
#2252=DIRECTION('',(1.,0.,0.));
#2253=DIRECTION('',(1.,0.,0.));
#2254=DIRECTION('',(0.,1.,0.));
#2255=DIRECTION('',(1.,0.,0.));
#2256=DIRECTION('',(-1.,0.,0.));
#2257=DIRECTION('',(0.,0.,1.));
#2258=DIRECTION('',(0.,0.,1.));
#2259=DIRECTION('',(0.,1.,0.));
#2260=DIRECTION('',(0.,0.,1.));
#2261=DIRECTION('',(0.,0.,1.));
#2262=DIRECTION('',(1.,0.,0.));
#2263=DIRECTION('',(1.,0.,0.));
#2264=DIRECTION('',(1.,0.,0.));
#2265=DIRECTION('',(0.,-1.,0.));
#2266=DIRECTION('',(1.,0.,0.));
#2267=DIRECTION('',(0.,-1.,0.));
#2268=DIRECTION('',(1.,0.,0.));
#2269=DIRECTION('',(0.,0.,1.));
#2270=DIRECTION('',(1.,0.,0.));
#2271=DIRECTION('',(0.,0.,-1.));
#2272=DIRECTION('',(-1.,0.,0.));
#2273=DIRECTION('',(1.,0.,0.));
#2274=DIRECTION('',(0.,-1.,0.));
#2275=DIRECTION('',(1.,0.,0.));
#2276=DIRECTION('',(0.,-1.,0.));
#2277=DIRECTION('',(1.,0.,0.));
#2278=DIRECTION('',(0.,0.,-1.));
#2279=DIRECTION('',(0.,0.,1.));
#2280=DIRECTION('',(0.,-1.,0.));
#2281=DIRECTION('',(0.,0.,1.));
#2282=DIRECTION('',(0.,-1.,0.));
#2283=DIRECTION('',(0.,0.,-1.));
#2284=DIRECTION('',(-1.,0.,0.));
#2285=DIRECTION('',(1.,0.,0.));
#2286=DIRECTION('',(0.,-1.,0.));
#2287=DIRECTION('',(1.,0.,0.));
#2288=DIRECTION('',(0.,-1.,0.));
#2289=DIRECTION('',(1.,0.,0.));
#2290=DIRECTION('',(0.,0.,-1.));
#2291=DIRECTION('',(0.,0.,1.));
#2292=DIRECTION('',(0.,-1.,0.));
#2293=DIRECTION('',(0.,0.,1.));
#2294=DIRECTION('',(0.,-1.,0.));
#2295=DIRECTION('',(-9.07282152707535E-17,0.,-1.));
#2296=DIRECTION('',(-1.,0.,9.07282152707535E-17));
#2297=DIRECTION('',(1.,0.,-9.07282152707535E-17));
#2298=DIRECTION('',(0.,-1.,0.));
#2299=DIRECTION('',(1.,0.,-9.07282152707535E-17));
#2300=DIRECTION('',(1.,0.,-8.9418735875093E-17));
#2301=DIRECTION('',(-8.9418735875093E-17,0.,-1.));
#2302=DIRECTION('',(8.9418735875093E-17,0.,1.));
#2303=DIRECTION('',(0.,-1.,0.));
#2304=DIRECTION('',(8.9418735875093E-17,0.,1.));
#2305=DIRECTION('',(0.,0.,-1.));
#2306=DIRECTION('',(-1.,0.,0.));
#2307=DIRECTION('',(1.,0.,0.));
#2308=DIRECTION('',(1.,0.,0.));
#2309=DIRECTION('',(0.,-1.,0.));
#2310=DIRECTION('',(0.,0.,-1.));
#2311=DIRECTION('',(0.,1.,0.));
#2312=DIRECTION('',(0.,0.,1.));
#2313=DIRECTION('',(0.,1.,0.));
#2314=DIRECTION('',(0.,0.,1.));
#2315=DIRECTION('',(0.,-1.,0.));
#2316=DIRECTION('',(0.,0.,-1.));
#2317=DIRECTION('',(0.,1.,0.));
#2318=DIRECTION('',(0.,0.,1.));
#2319=DIRECTION('',(0.,1.,0.));
#2320=DIRECTION('',(0.,0.,1.));
#2321=DIRECTION('',(0.,-1.,0.));
#2322=DIRECTION('',(0.,0.,-1.));
#2323=DIRECTION('',(0.,1.,0.));
#2324=DIRECTION('',(0.,0.,1.));
#2325=DIRECTION('',(0.,1.,0.));
#2326=DIRECTION('',(0.,0.,1.));
#2327=DIRECTION('',(0.,-1.,0.));
#2328=DIRECTION('',(0.,0.,-1.));
#2329=DIRECTION('',(0.,1.,0.));
#2330=DIRECTION('',(0.,0.,1.));
#2331=DIRECTION('',(0.,1.,0.));
#2332=DIRECTION('',(0.,0.,1.));
#2333=DIRECTION('',(1.,0.,1.94503913031584E-16));
#2334=DIRECTION('',(1.94503913031584E-16,0.,-1.));
#2335=DIRECTION('',(-1.94503913031584E-16,0.,1.));
#2336=DIRECTION('',(0.,-1.,0.));
#2337=DIRECTION('',(-1.94503913031584E-16,0.,1.));
#2338=DIRECTION('',(0.,-1.,0.));
#2339=DIRECTION('',(0.,1.,0.));
#2340=DIRECTION('',(-1.,0.,0.));
#2341=DIRECTION('',(0.,1.,0.));
#2342=DIRECTION('',(0.,0.,1.));
#2343=DIRECTION('',(0.,1.,0.));
#2344=DIRECTION('',(0.,0.,1.));
#2345=DIRECTION('',(0.,1.,0.));
#2346=DIRECTION('',(0.,0.,1.));
#2347=DIRECTION('',(0.,1.,0.));
#2348=DIRECTION('',(0.,0.,1.));
#2349=DIRECTION('',(0.,1.,0.));
#2350=DIRECTION('',(-1.,0.,0.));
#2351=DIRECTION('',(0.,1.,0.));
#2352=DIRECTION('',(0.,0.,1.));
#2353=DIRECTION('',(0.,1.,0.));
#2354=DIRECTION('',(0.,0.,1.));
#2355=DIRECTION('',(0.,1.,0.));
#2356=DIRECTION('',(0.,0.,1.));
#2357=DIRECTION('',(0.,1.,0.));
#2358=DIRECTION('',(0.,0.,1.));
#2359=DIRECTION('',(0.,1.,0.));
#2360=DIRECTION('',(0.,0.,1.));
#2361=DIRECTION('',(0.,-1.,0.));
#2362=DIRECTION('',(0.,0.,-1.));
#2363=DIRECTION('',(0.,-1.,0.));
#2364=DIRECTION('',(0.,0.,-1.));
#2365=DIRECTION('',(0.,1.,0.));
#2366=DIRECTION('',(0.,0.,1.));
#2367=DIRECTION('',(0.,0.,1.));
#2368=DIRECTION('',(1.,0.,0.));
#2369=DIRECTION('',(-1.,0.,0.));
#2370=DIRECTION('',(0.,0.,1.));
#2371=DIRECTION('',(0.,0.,-1.));
#2372=DIRECTION('',(0.,-1.,0.));
#2373=DIRECTION('',(0.,0.,-1.));
#2374=DIRECTION('',(0.,-1.,0.));
#2375=DIRECTION('',(0.,0.,1.));
#2376=DIRECTION('',(1.,0.,0.));
#2377=DIRECTION('',(-1.,0.,0.));
#2378=DIRECTION('',(-1.,0.,0.));
#2379=DIRECTION('',(0.,-1.,0.));
#2380=DIRECTION('',(-1.,0.,-3.85494105772624E-16));
#2381=DIRECTION('',(-3.85494105772624E-16,0.,1.));
#2382=DIRECTION('',(3.85494105772624E-16,0.,-1.));
#2383=DIRECTION('',(3.85494105772624E-16,0.,-1.));
#2384=DIRECTION('',(0.,-1.,0.));
#2385=DIRECTION('',(0.,0.,1.));
#2386=DIRECTION('',(1.,0.,0.));
#2387=DIRECTION('',(-1.,0.,0.));
#2388=DIRECTION('',(-1.,0.,0.));
#2389=DIRECTION('',(0.,-1.,0.));
#2390=DIRECTION('',(0.,0.,-1.));
#2391=DIRECTION('',(0.,-1.,0.));
#2392=DIRECTION('',(0.,0.,-1.));
#2393=DIRECTION('',(0.,-1.,0.));
#2394=DIRECTION('',(0.,0.,-1.));
#2395=DIRECTION('',(0.,-1.,0.));
#2396=DIRECTION('',(1.,0.,0.));
#2397=DIRECTION('',(0.,-1.,0.));
#2398=DIRECTION('',(1.,0.,0.));
#2399=DIRECTION('',(0.,0.,1.));
#2400=DIRECTION('',(1.,0.,0.));
#2401=DIRECTION('',(0.,0.,1.));
#2402=DIRECTION('',(1.,0.,0.));
#2403=DIRECTION('',(0.,1.,0.));
#2404=DIRECTION('',(1.,0.,0.));
#2405=DIRECTION('',(0.,1.,0.));
#2406=DIRECTION('',(1.,0.,0.));
#2407=DIRECTION('',(0.,-1.,0.));
#2408=DIRECTION('',(-1.,0.,0.));
#2409=DIRECTION('',(0.,-1.,0.));
#2410=DIRECTION('',(-1.,0.,0.));
#2411=DIRECTION('',(0.,0.,1.));
#2412=DIRECTION('',(1.,0.,0.));
#2413=DIRECTION('',(1.,0.,0.));
#2414=DIRECTION('',(0.,1.,0.));
#2415=DIRECTION('',(1.,0.,0.));
#2416=DIRECTION('',(0.,1.,0.));
#2417=DIRECTION('',(-1.,0.,0.));
#2418=DIRECTION('',(0.,-1.,0.));
#2419=DIRECTION('',(-1.,0.,0.));
#2420=DIRECTION('',(0.,-1.,0.));
#2421=DIRECTION('',(-1.,0.,-1.94503913031584E-16));
#2422=DIRECTION('',(-1.94503913031584E-16,0.,1.));
#2423=DIRECTION('',(1.94503913031584E-16,2.89120579329469E-16,-1.));
#2424=DIRECTION('',(0.,-1.,0.));
#2425=DIRECTION('',(1.94503913031584E-16,0.,-1.));
#2426=DIRECTION('',(0.,-1.,0.));
#2427=DIRECTION('',(-1.94503913031584E-16,0.,1.));
#2428=DIRECTION('',(0.,1.,0.));
#2429=DIRECTION('',(-1.94503913031584E-16,0.,1.));
#2430=DIRECTION('',(0.,1.,0.));
#2431=DIRECTION('',(1.94503913031584E-16,2.89120579329469E-16,-1.));
#2432=DIRECTION('',(0.,-1.,0.));
#2433=DIRECTION('',(1.94503913031584E-16,0.,-1.));
#2434=DIRECTION('',(0.,-1.,0.));
#2435=DIRECTION('',(1.94503913031584E-16,5.78241158658937E-16,-1.));
#2436=DIRECTION('',(0.,-1.,0.));
#2437=DIRECTION('',(1.94503913031584E-16,0.,-1.));
#2438=DIRECTION('',(0.,-1.,0.));
#2439=DIRECTION('',(-1.,0.,0.));
#2440=DIRECTION('',(0.,0.,1.));
#2441=DIRECTION('',(0.,0.,1.));
#2442=DIRECTION('',(0.,-1.,0.));
#2443=DIRECTION('',(0.,0.,1.));
#2444=DIRECTION('',(0.,0.,1.));
#2445=DIRECTION('',(0.,1.,0.));
#2446=DIRECTION('',(0.,-1.,0.));
#2447=DIRECTION('',(1.94503913031584E-16,2.89120579329469E-16,-1.));
#2448=DIRECTION('',(0.,-1.,0.));
#2449=DIRECTION('',(1.94503913031584E-16,0.,-1.));
#2450=DIRECTION('',(0.,-1.,0.));
#2451=DIRECTION('',(1.94503913031584E-16,2.89120579329469E-16,-1.));
#2452=DIRECTION('',(0.,-1.,0.));
#2453=DIRECTION('',(1.94503913031584E-16,0.,-1.));
#2454=DIRECTION('',(0.,-1.,0.));
#2455=DIRECTION('',(1.94503913031584E-16,5.78241158658937E-16,-1.));
#2456=DIRECTION('',(0.,-1.,0.));
#2457=DIRECTION('',(1.94503913031584E-16,0.,-1.));
#2458=DIRECTION('',(0.,0.,1.));
#2459=DIRECTION('',(1.,0.,0.));
#2460=DIRECTION('',(0.,-1.,0.));
#2461=DIRECTION('',(1.,0.,0.));
#2462=DIRECTION('',(1.,0.,0.));
#2463=DIRECTION('',(0.,1.,0.));
#2464=DIRECTION('',(1.,0.,0.));
#2465=DIRECTION('',(0.,-1.,0.));
#2466=DIRECTION('',(1.,0.,0.));
#2467=DIRECTION('',(1.,0.,0.));
#2468=DIRECTION('',(0.,-1.,0.));
#2469=DIRECTION('',(1.,3.05311331771918E-16,0.));
#2470=DIRECTION('',(1.93823852064448E-16,-1.,0.));
#2471=DIRECTION('',(0.,0.,1.));
#2472=DIRECTION('',(1.,0.,0.));
#2473=DIRECTION('',(1.,0.,0.));
#2474=DIRECTION('',(0.,1.,0.));
#2475=DIRECTION('',(1.,0.,0.));
#2476=DIRECTION('',(0.,1.,0.));
#2477=DIRECTION('',(0.,-1.,0.));
#2478=DIRECTION('',(1.,0.,0.));
#2479=DIRECTION('',(1.93823852064448E-16,-1.,0.));
#2480=DIRECTION('',(1.,3.05311331771918E-16,0.));
#2481=DIRECTION('',(-1.23239803635749E-16,0.,1.));
#2482=DIRECTION('',(1.,0.,1.23239803635749E-16));
#2483=DIRECTION('',(-1.,0.,-1.23239803635749E-16));
#2484=DIRECTION('',(0.,-1.,0.));
#2485=DIRECTION('',(-1.,0.,-1.23239803635749E-16));
#2486=DIRECTION('',(0.,-1.,0.));
#2487=DIRECTION('',(0.,-1.,0.));
#2488=DIRECTION('',(1.,0.,1.23239803635749E-16));
#2489=DIRECTION('',(1.93823852064448E-16,-1.,2.3886813468347E-32));
#2490=DIRECTION('',(1.,3.05311331771918E-16,1.23239803635749E-16));
#2491=DIRECTION('',(-1.,0.,0.));
#2492=DIRECTION('',(0.,0.,1.));
#2493=DIRECTION('',(0.,-1.,0.));
#2494=DIRECTION('',(0.,0.,1.));
#2495=DIRECTION('',(0.,0.,1.));
#2496=DIRECTION('',(0.,0.,1.));
#2497=DIRECTION('',(-1.,0.,0.));
#2498=DIRECTION('',(0.,0.,1.));
#2499=DIRECTION('',(0.,0.,1.));
#2500=DIRECTION('',(0.,1.,0.));
#2501=DIRECTION('',(0.,0.,1.));
#2502=DIRECTION('',(0.,1.,0.));
#2503=DIRECTION('',(0.,-1.,0.));
#2504=DIRECTION('',(1.,0.,0.));
#2505=DIRECTION('',(0.,-1.,0.));
#2506=DIRECTION('',(0.,0.,-1.));
#2507=DIRECTION('',(0.,-1.,0.));
#2508=DIRECTION('',(0.,0.,-1.));
#2509=DIRECTION('',(0.,-1.,0.));
#2510=DIRECTION('',(0.,0.,-1.));
#2511=DIRECTION('',(0.,-1.,0.));
#2512=DIRECTION('',(0.,0.,-1.));
#2513=DIRECTION('',(0.,-1.,0.));
#2514=DIRECTION('',(1.,0.,0.));
#2515=DIRECTION('',(0.,1.,0.));
#2516=DIRECTION('',(0.,0.,1.));
#2517=DIRECTION('',(0.,1.,0.));
#2518=DIRECTION('',(0.,0.,1.));
#2519=DIRECTION('',(0.,1.,0.));
#2520=DIRECTION('',(0.,0.,1.));
#2521=DIRECTION('',(0.,1.,0.));
#2522=DIRECTION('',(0.,0.,1.));
#2523=DIRECTION('',(0.,-1.,0.));
#2524=DIRECTION('',(0.,0.,-1.));
#2525=DIRECTION('',(0.,-1.,0.));
#2526=DIRECTION('',(0.,0.,-1.));
#2527=DIRECTION('',(0.,-1.,0.));
#2528=DIRECTION('',(0.,0.,-1.));
#2529=DIRECTION('',(0.,-1.,0.));
#2530=DIRECTION('',(0.,0.,-1.));
#2531=DIRECTION('',(-1.,0.,-6.63120594792359E-17));
#2532=DIRECTION('',(0.,0.,-1.));
#2533=DIRECTION('',(0.,0.,-1.));
#2534=DIRECTION('',(0.,0.,-1.));
#2535=DIRECTION('',(-1.,0.,-1.23239803635749E-16));
#2536=DIRECTION('',(-6.63120594792359E-17,0.,1.));
#2537=DIRECTION('',(1.,0.,6.63120594792359E-17));
#2538=DIRECTION('',(-1.,0.,-6.63120594792359E-17));
#2539=DIRECTION('',(0.,-1.,0.));
#2540=DIRECTION('',(-1.,0.,0.));
#2541=DIRECTION('',(0.,0.,1.));
#2542=DIRECTION('',(0.,0.,-1.));
#2543=DIRECTION('',(0.,-1.,0.));
#2544=DIRECTION('',(1.,0.,0.));
#2545=DIRECTION('',(-1.,0.,0.));
#2546=DIRECTION('',(0.,0.,1.));
#2547=DIRECTION('',(0.,0.,-1.));
#2548=DIRECTION('',(0.,-1.,0.));
#2549=DIRECTION('',(-1.,0.,0.));
#2550=DIRECTION('',(0.,0.,1.));
#2551=DIRECTION('',(0.,0.,-1.));
#2552=DIRECTION('',(-1.23239803635749E-16,0.,1.));
#2553=DIRECTION('',(1.,0.,1.23239803635749E-16));
#2554=DIRECTION('',(-1.,0.,-1.23239803635749E-16));
#2555=DIRECTION('',(0.,-1.,0.));
#2556=DIRECTION('',(1.,0.,0.));
#2557=DIRECTION('',(0.,1.,0.));
#2558=DIRECTION('',(0.,0.,1.));
#2559=DIRECTION('',(0.,1.,0.));
#2560=DIRECTION('',(0.,0.,1.));
#2561=DIRECTION('',(0.,1.,0.));
#2562=DIRECTION('',(-1.,0.,0.));
#2563=DIRECTION('',(0.,1.,0.));
#2564=DIRECTION('',(0.,0.,1.));
#2565=DIRECTION('',(0.,1.,0.));
#2566=DIRECTION('',(0.,0.,1.));
#2567=DIRECTION('',(0.,1.,0.));
#2568=DIRECTION('',(-1.,0.,0.));
#2569=DIRECTION('',(0.,1.,0.));
#2570=DIRECTION('',(0.,0.,1.));
#2571=DIRECTION('',(0.,1.,0.));
#2572=DIRECTION('',(0.,0.,1.));
#2573=DIRECTION('',(0.,1.,0.));
#2574=DIRECTION('',(-1.,0.,0.));
#2575=DIRECTION('',(0.,1.,0.));
#2576=DIRECTION('',(0.,0.,1.));
#2577=DIRECTION('',(0.,1.,0.));
#2578=DIRECTION('',(0.,0.,1.));
#2579=DIRECTION('',(0.,1.,0.));
#2580=DIRECTION('',(-1.,0.,0.));
#2581=DIRECTION('',(0.,0.,1.));
#2582=DIRECTION('',(1.,0.,0.));
#2583=DIRECTION('',(1.,0.,0.));
#2584=DIRECTION('',(0.,-1.,0.));
#2585=DIRECTION('',(1.,3.05311331771918E-16,0.));
#2586=DIRECTION('',(1.93823852064448E-16,-1.,0.));
#2587=DIRECTION('',(-1.,-1.93823852064448E-16,0.));
#2588=DIRECTION('',(1.93823852064448E-16,-1.,0.));
#2589=DIRECTION('',(0.,0.,1.));
#2590=DIRECTION('',(0.,0.,1.));
#2591=DIRECTION('',(3.05311331771918E-16,-1.,0.));
#2592=DIRECTION('',(1.,3.05311331771918E-16,0.));
#2593=DIRECTION('',(0.,0.,1.));
#2594=DIRECTION('',(-1.,0.,0.));
#2595=DIRECTION('',(0.,0.,1.));
#2596=DIRECTION('',(0.,0.,1.));
#2597=DIRECTION('',(0.,-1.,0.));
#2598=DIRECTION('',(0.,0.,-1.));
#2599=DIRECTION('',(0.,-1.,0.));
#2600=DIRECTION('',(0.,0.,-1.));
#2601=DIRECTION('',(0.,0.,1.));
#2602=DIRECTION('',(0.,0.,1.));
#2603=DIRECTION('',(-1.,0.,0.));
#2604=DIRECTION('',(0.,0.,1.));
#2605=DIRECTION('',(0.,0.,1.));
#2606=DIRECTION('',(3.05311331771918E-16,-1.,0.));
#2607=DIRECTION('',(1.,3.05311331771918E-16,0.));
#2608=DIRECTION('',(0.,0.,1.));
#2609=DIRECTION('',(-1.,-1.93823852064448E-16,0.));
#2610=DIRECTION('',(1.93823852064448E-16,-1.,0.));
#2611=DIRECTION('',(5.62350840175402E-32,-1.,-2.89120579329469E-16));
#2612=DIRECTION('',(0.,2.89120579329469E-16,-1.));
#2613=DIRECTION('',(1.,0.,1.94503913031584E-16));
#2614=DIRECTION('',(1.,0.,1.94503913031584E-16));
#2615=DIRECTION('',(-1.94503913031584E-16,0.,1.));
#2616=DIRECTION('',(1.,0.,1.94503913031584E-16));
#2617=DIRECTION('',(1.,0.,1.94503913031584E-16));
#2618=DIRECTION('',(0.,-1.,0.));
#2619=DIRECTION('',(0.,0.,-1.));
#2620=DIRECTION('',(1.,0.,1.94503913031584E-16));
#2621=DIRECTION('',(-1.94503913031584E-16,0.,1.));
#2622=DIRECTION('',(1.,0.,1.94503913031584E-16));
#2623=DIRECTION('',(5.62350840175402E-32,-1.,-2.89120579329469E-16));
#2624=DIRECTION('',(0.,2.89120579329469E-16,-1.));
#2625=DIRECTION('',(1.,0.,1.94503913031584E-16));
#2626=DIRECTION('',(1.,0.,1.94503913031584E-16));
#2627=DIRECTION('',(-1.94503913031584E-16,0.,1.));
#2628=DIRECTION('',(1.,0.,1.94503913031584E-16));
#2629=DIRECTION('',(1.,0.,1.94503913031584E-16));
#2630=DIRECTION('',(0.,-1.,0.));
#2631=DIRECTION('',(0.,0.,-1.));
#2632=DIRECTION('',(1.,0.,1.94503913031584E-16));
#2633=DIRECTION('',(-1.94503913031584E-16,0.,1.));
#2634=DIRECTION('',(1.,0.,1.94503913031584E-16));
#2635=DIRECTION('',(1.1247016803508E-31,-1.,-5.78241158658937E-16));
#2636=DIRECTION('',(0.,5.78241158658937E-16,-1.));
#2637=DIRECTION('',(1.,0.,1.94503913031584E-16));
#2638=DIRECTION('',(1.,0.,1.94503913031584E-16));
#2639=DIRECTION('',(-1.94503913031584E-16,0.,1.));
#2640=DIRECTION('',(1.,0.,1.94503913031584E-16));
#2641=DIRECTION('',(1.,0.,1.94503913031584E-16));
#2642=DIRECTION('',(0.,-1.,0.));
#2643=DIRECTION('',(0.,0.,-1.));
#2644=DIRECTION('',(1.,0.,1.94503913031584E-16));
#2645=DIRECTION('',(-1.94503913031584E-16,0.,1.));
#2646=DIRECTION('',(1.,0.,1.94503913031584E-16));
#2647=DIRECTION('',(0.,-1.,0.));
#2648=DIRECTION('',(0.,0.,-1.));
#2649=DIRECTION('',(0.,0.,-1.));
#2650=DIRECTION('',(0.,0.,-1.));
#2651=DIRECTION('',(1.,0.,0.));
#2652=DIRECTION('',(0.,0.,-1.));
#2653=DIRECTION('',(0.,0.,-1.));
#2654=DIRECTION('',(0.,-1.,0.));
#2655=DIRECTION('',(0.,0.,-1.));
#2656=DIRECTION('',(0.,0.,-1.));
#2657=DIRECTION('',(1.,0.,0.));
#2658=DIRECTION('',(0.,0.,-1.));
#2659=DIRECTION('',(0.,-1.,0.));
#2660=DIRECTION('',(0.,0.,-1.));
#2661=DIRECTION('',(0.,1.,0.));
#2662=DIRECTION('',(0.,0.,1.));
#2663=DIRECTION('',(0.,1.,0.));
#2664=DIRECTION('',(0.,0.,1.));
#2665=DIRECTION('',(0.,-1.,0.));
#2666=DIRECTION('',(0.,0.,-1.));
#2667=DIRECTION('',(0.,0.,1.));
#2668=DIRECTION('',(1.,0.,0.));
#2669=DIRECTION('',(0.,0.,-1.));
#2670=DIRECTION('',(-1.,0.,0.));
#2671=DIRECTION('',(1.,0.,0.));
#2672=DIRECTION('',(0.,-1.,0.));
#2673=DIRECTION('',(1.,0.,0.));
#2674=DIRECTION('',(0.,-1.,0.));
#2675=DIRECTION('',(1.,0.,0.));
#2676=DIRECTION('',(0.,0.,-1.));
#2677=DIRECTION('',(0.,0.,1.));
#2678=DIRECTION('',(0.,0.,1.));
#2679=DIRECTION('',(0.,-1.,0.));
#2680=DIRECTION('',(0.,0.,-1.));
#2681=DIRECTION('',(-1.,0.,0.));
#2682=DIRECTION('',(1.,0.,0.));
#2683=DIRECTION('',(1.,0.,0.));
#2684=DIRECTION('',(0.,-1.,0.));
#2685=DIRECTION('',(1.,0.,0.));
#2686=DIRECTION('',(0.,0.,-1.));
#2687=DIRECTION('',(0.,0.,1.));
#2688=DIRECTION('',(0.,0.,1.));
#2689=DIRECTION('',(0.,-1.,0.));
#2690=DIRECTION('',(0.,0.,-1.));
#2691=DIRECTION('',(0.,-1.,0.));
#2692=DIRECTION('',(0.,0.,-1.));
#2693=DIRECTION('',(0.,-1.,0.));
#2694=DIRECTION('',(0.,0.,-1.));
#2695=DIRECTION('',(0.,-1.,0.));
#2696=DIRECTION('',(1.,0.,0.));
#2697=DIRECTION('',(0.,-1.,0.));
#2698=DIRECTION('',(1.,0.,0.));
#2699=CARTESIAN_POINT('',(0.,0.,0.));
#2700=CARTESIAN_POINT('',(0.0005,-0.00108,-0.019114829342793));
#2701=CARTESIAN_POINT('',(0.0005,-0.02108,-0.019114829342793));
#2702=CARTESIAN_POINT('',(0.0005,-0.02108,-0.049289658685586));
#2703=CARTESIAN_POINT('',(0.0005,-0.02108,-0.0385));
#2704=CARTESIAN_POINT('',(0.0005,-0.00108,-0.049289658685586));
#2705=CARTESIAN_POINT('',(0.0005,-0.00108,-0.049289658685586));
#2706=CARTESIAN_POINT('',(0.0005,-0.00108,-0.019114829342793));
#2707=CARTESIAN_POINT('',(0.0005,-0.00108,-0.0385));
#2708=CARTESIAN_POINT('',(0.0005,-0.00108,-0.0385));
#2709=CARTESIAN_POINT('',(-0.00425,-0.00108,-0.0385));
#2710=CARTESIAN_POINT('',(-0.00425,-0.02108,-0.0385));
#2711=CARTESIAN_POINT('',(-0.009,-0.02108,-0.0385));
#2712=CARTESIAN_POINT('',(-0.00425,-0.00108,-0.0385));
#2713=CARTESIAN_POINT('',(-0.009,-0.00108,-0.0385));
#2714=CARTESIAN_POINT('',(-0.009,-0.00108,-0.0385));
#2715=CARTESIAN_POINT('',(-0.009,-0.00108,-0.043894829342793));
#2716=CARTESIAN_POINT('',(-0.009,-0.02108,-0.043894829342793));
#2717=CARTESIAN_POINT('',(-0.009,-0.02108,-0.049289658685586));
#2718=CARTESIAN_POINT('',(-0.009,-0.00108,-0.043894829342793));
#2719=CARTESIAN_POINT('',(-0.009,-0.00108,-0.049289658685586));
#2720=CARTESIAN_POINT('',(-0.009,-0.00108,-0.049289658685586));
#2721=CARTESIAN_POINT('',(-0.0045,-0.00108,-0.043));
#2722=CARTESIAN_POINT('',(-0.0045,-0.00108,-0.043));
#2723=CARTESIAN_POINT('',(-0.0045,-0.00108,-0.0446));
#2724=CARTESIAN_POINT('',(-0.0045,-0.02108,-0.043));
#2725=CARTESIAN_POINT('',(-0.0045,-0.02108,-0.0446));
#2726=CARTESIAN_POINT('',(-0.04475,-0.00108,-0.049289658685586));
#2727=CARTESIAN_POINT('',(-0.04475,-0.02108,-0.049289658685586));
#2728=CARTESIAN_POINT('',(-0.04475,-0.00108,-0.049289658685586));
#2729=CARTESIAN_POINT('',(-0.04475,-0.00108,-0.021614829342793));
#2730=CARTESIAN_POINT('',(-0.04475,-0.02108,-0.021614829342793));
#2731=CARTESIAN_POINT('',(0.,0.,0.));
#2732=CARTESIAN_POINT('',(-0.08525,-0.00108,0.0005));
#2733=CARTESIAN_POINT('',(-0.08525,-0.02108,0.0005));
#2734=CARTESIAN_POINT('',(-0.09,-0.02108,0.0005));
#2735=CARTESIAN_POINT('',(-0.0805,-0.02108,0.0005));
#2736=CARTESIAN_POINT('',(-0.0805,-0.00108,0.0005));
#2737=CARTESIAN_POINT('',(-0.0805,-0.00108,0.0005));
#2738=CARTESIAN_POINT('',(-0.08525,-0.00108,0.0005));
#2739=CARTESIAN_POINT('',(-0.09,-0.00108,0.0005));
#2740=CARTESIAN_POINT('',(-0.09,-0.00108,0.0005));
#2741=CARTESIAN_POINT('',(-0.09,-0.00108,-0.019114829342793));
#2742=CARTESIAN_POINT('',(-0.09,-0.02108,-0.019114829342793));
#2743=CARTESIAN_POINT('',(-0.09,-0.02108,-0.009));
#2744=CARTESIAN_POINT('',(-0.09,-0.00108,-0.019114829342793));
#2745=CARTESIAN_POINT('',(-0.09,-0.00108,-0.009));
#2746=CARTESIAN_POINT('',(-0.09,-0.00108,-0.009));
#2747=CARTESIAN_POINT('',(-0.08525,-0.00108,-0.009));
#2748=CARTESIAN_POINT('',(-0.08525,-0.02108,-0.009));
#2749=CARTESIAN_POINT('',(-0.0805,-0.02108,-0.009));
#2750=CARTESIAN_POINT('',(-0.08525,-0.00108,-0.009));
#2751=CARTESIAN_POINT('',(-0.0805,-0.00108,-0.009));
#2752=CARTESIAN_POINT('',(-0.0805,-0.00108,-0.009));
#2753=CARTESIAN_POINT('',(-0.0805,-0.00108,-0.00425));
#2754=CARTESIAN_POINT('',(-0.0805,-0.02108,-0.00425));
#2755=CARTESIAN_POINT('',(-0.0805,-0.00108,-0.00425));
#2756=CARTESIAN_POINT('',(-0.085,-0.00108,-0.0045));
#2757=CARTESIAN_POINT('',(-0.085,-0.00108,-0.0045));
#2758=CARTESIAN_POINT('',(-0.085,-0.00108,-0.0068));
#2759=CARTESIAN_POINT('',(-0.085,-0.02108,-0.0045));
#2760=CARTESIAN_POINT('',(-0.085,-0.02108,-0.0068));
#2761=CARTESIAN_POINT('',(-0.04475,-0.00108,-0.021614829342793));
#2762=CARTESIAN_POINT('',(-0.04475,-0.02108,-0.021614829342793));
#2763=CARTESIAN_POINT('',(0.,0.,0.));
#2764=CARTESIAN_POINT('',(-0.09,-0.02408,-0.019114829342793));
#2765=CARTESIAN_POINT('',(-0.09,-0.02108,-0.019114829342793));
#2766=CARTESIAN_POINT('',(-0.09,-0.02108,-0.049289658685586));
#2767=CARTESIAN_POINT('',(-0.09,-0.02108,0.01106));
#2768=CARTESIAN_POINT('',(-0.09,-0.02408,-0.049289658685586));
#2769=CARTESIAN_POINT('',(-0.09,-0.02408,-0.049289658685586));
#2770=CARTESIAN_POINT('',(-0.09,-0.02408,-0.019114829342793));
#2771=CARTESIAN_POINT('',(-0.09,-0.02408,0.01106));
#2772=CARTESIAN_POINT('',(-0.09,-0.02408,0.01106));
#2773=CARTESIAN_POINT('',(-0.04475,-0.02408,-0.049289658685586));
#2774=CARTESIAN_POINT('',(-0.04475,-0.02108,-0.049289658685586));
#2775=CARTESIAN_POINT('',(0.0005,-0.02108,-0.049289658685586));
#2776=CARTESIAN_POINT('',(0.0005,-0.02408,-0.049289658685586));
#2777=CARTESIAN_POINT('',(0.0005,-0.02408,-0.049289658685586));
#2778=CARTESIAN_POINT('',(-0.04475,-0.02408,-0.049289658685586));
#2779=CARTESIAN_POINT('',(0.0005,-0.02408,-0.019114829342793));
#2780=CARTESIAN_POINT('',(0.0005,-0.02108,-0.019114829342793));
#2781=CARTESIAN_POINT('',(0.0005,-0.02108,0.01106));
#2782=CARTESIAN_POINT('',(0.0005,-0.02408,0.01106));
#2783=CARTESIAN_POINT('',(0.0005,-0.02408,0.01106));
#2784=CARTESIAN_POINT('',(0.0005,-0.02408,-0.019114829342793));
#2785=CARTESIAN_POINT('',(-0.04475,-0.02408,0.01106));
#2786=CARTESIAN_POINT('',(-0.04475,-0.02108,0.01106));
#2787=CARTESIAN_POINT('',(-0.04475,-0.02408,0.01106));
#2788=CARTESIAN_POINT('',(-0.04475,-0.02408,-0.021614829342793));
#2789=CARTESIAN_POINT('',(-0.04475,-0.02108,-0.021614829342793));
#2790=CARTESIAN_POINT('',(0.,0.,0.));
#2791=CARTESIAN_POINT('',(-0.04475,0.01492,-0.057289658685586));
#2792=CARTESIAN_POINT('',(-0.04475,0.01192,-0.057289658685586));
#2793=CARTESIAN_POINT('',(-0.09419,0.01192,-0.057289658685586));
#2794=CARTESIAN_POINT('',(0.00469,0.01192,-0.057289658685586));
#2795=CARTESIAN_POINT('',(-0.09419,0.01492,-0.057289658685586));
#2796=CARTESIAN_POINT('',(-0.09419,0.01492,-0.057289658685586));
#2797=CARTESIAN_POINT('',(-0.04475,0.01492,-0.057289658685586));
#2798=CARTESIAN_POINT('',(0.00469,0.01492,-0.057289658685586));
#2799=CARTESIAN_POINT('',(0.00469,0.01492,-0.057289658685586));
#2800=CARTESIAN_POINT('',(-0.098,0.01492,-0.021614829342793));
#2801=CARTESIAN_POINT('',(-0.098,0.01492,-0.021614829342793));
#2802=CARTESIAN_POINT('',(-0.098,0.01492,-0.053479658685586));
#2803=CARTESIAN_POINT('',(-0.098,0.01492,0.01025));
#2804=CARTESIAN_POINT('',(-0.098,0.01192,-0.053479658685586));
#2805=CARTESIAN_POINT('',(-0.098,0.01192,-0.053479658685586));
#2806=CARTESIAN_POINT('',(-0.098,0.01192,-0.021614829342793));
#2807=CARTESIAN_POINT('',(-0.098,0.01192,0.01025));
#2808=CARTESIAN_POINT('',(-0.098,0.01492,0.01025));
#2809=CARTESIAN_POINT('',(-0.04475,0.01492,0.01406));
#2810=CARTESIAN_POINT('',(-0.04475,0.01492,0.01406));
#2811=CARTESIAN_POINT('',(-0.09419,0.01492,0.01406));
#2812=CARTESIAN_POINT('',(0.00469,0.01492,0.01406));
#2813=CARTESIAN_POINT('',(-0.09419,0.01492,0.01406));
#2814=CARTESIAN_POINT('',(-0.09419,0.01192,0.01406));
#2815=CARTESIAN_POINT('',(-0.04475,0.01192,0.01406));
#2816=CARTESIAN_POINT('',(0.00469,0.01192,0.01406));
#2817=CARTESIAN_POINT('',(0.00469,0.01492,0.01406));
#2818=CARTESIAN_POINT('',(-0.08266,0.01492,-0.01658));
#2819=CARTESIAN_POINT('',(-0.08266,0.01192,-0.01658));
#2820=CARTESIAN_POINT('',(-0.08266,0.01192,-0.02628));
#2821=CARTESIAN_POINT('',(-0.08266,0.01192,-0.00688));
#2822=CARTESIAN_POINT('',(-0.08266,0.01492,-0.02628));
#2823=CARTESIAN_POINT('',(-0.08266,0.01492,-0.02628));
#2824=CARTESIAN_POINT('',(-0.08266,0.01492,-0.01658));
#2825=CARTESIAN_POINT('',(-0.08266,0.01492,-0.00688));
#2826=CARTESIAN_POINT('',(-0.08266,0.01492,-0.00688));
#2827=CARTESIAN_POINT('',(-0.04442,0.01492,-0.02628));
#2828=CARTESIAN_POINT('',(-0.04442,0.01192,-0.02628));
#2829=CARTESIAN_POINT('',(-0.00618,0.01192,-0.02628));
#2830=CARTESIAN_POINT('',(-0.00618,0.01492,-0.02628));
#2831=CARTESIAN_POINT('',(-0.00618,0.01492,-0.02628));
#2832=CARTESIAN_POINT('',(-0.04442,0.01492,-0.02628));
#2833=CARTESIAN_POINT('',(-0.00618,0.01492,-0.01658));
#2834=CARTESIAN_POINT('',(-0.00618,0.01192,-0.01658));
#2835=CARTESIAN_POINT('',(-0.00618,0.01192,-0.00688));
#2836=CARTESIAN_POINT('',(-0.00618,0.01492,-0.00688));
#2837=CARTESIAN_POINT('',(-0.00618,0.01492,-0.00688));
#2838=CARTESIAN_POINT('',(-0.00618,0.01492,-0.01658));
#2839=CARTESIAN_POINT('',(-0.04442,0.01492,-0.00688));
#2840=CARTESIAN_POINT('',(-0.04442,0.01192,-0.00688));
#2841=CARTESIAN_POINT('',(-0.04442,0.01492,-0.00688));
#2842=CARTESIAN_POINT('',(-0.094,0.01492,0.00728));
#2843=CARTESIAN_POINT('',(-0.094,0.01492,0.00728));
#2844=CARTESIAN_POINT('',(-0.094,0.01492,0.00888));
#2845=CARTESIAN_POINT('',(-0.094,0.01192,0.00728));
#2846=CARTESIAN_POINT('',(-0.094,0.01192,0.00888));
#2847=CARTESIAN_POINT('',(-0.094,0.01492,-0.053289658685586));
#2848=CARTESIAN_POINT('',(-0.094,0.01492,-0.053289658685586));
#2849=CARTESIAN_POINT('',(-0.094,0.01492,-0.051689658685586));
#2850=CARTESIAN_POINT('',(-0.094,0.01192,-0.053289658685586));
#2851=CARTESIAN_POINT('',(-0.094,0.01192,-0.051689658685586));
#2852=CARTESIAN_POINT('',(0.0045,0.01492,-0.053289658685586));
#2853=CARTESIAN_POINT('',(0.0045,0.01492,-0.053289658685586));
#2854=CARTESIAN_POINT('',(0.0045,0.01492,-0.051689658685586));
#2855=CARTESIAN_POINT('',(0.0045,0.01192,-0.053289658685586));
#2856=CARTESIAN_POINT('',(0.0045,0.01192,-0.051689658685586));
#2857=CARTESIAN_POINT('',(0.0045,0.01492,0.00728));
#2858=CARTESIAN_POINT('',(0.0045,0.01492,0.00728));
#2859=CARTESIAN_POINT('',(0.0045,0.01492,0.00888));
#2860=CARTESIAN_POINT('',(0.0045,0.01192,0.00728));
#2861=CARTESIAN_POINT('',(0.0045,0.01192,0.00888));
#2862=CARTESIAN_POINT('',(0.0085,0.01492,-0.021614829342793));
#2863=CARTESIAN_POINT('',(0.0085,0.01192,-0.021614829342793));
#2864=CARTESIAN_POINT('',(0.0085,0.01192,-0.053479658685586));
#2865=CARTESIAN_POINT('',(0.0085,0.01192,0.01025));
#2866=CARTESIAN_POINT('',(0.0085,0.01492,-0.053479658685586));
#2867=CARTESIAN_POINT('',(0.0085,0.01492,-0.053479658685586));
#2868=CARTESIAN_POINT('',(0.0085,0.01492,-0.021614829342793));
#2869=CARTESIAN_POINT('',(0.0085,0.01492,0.01025));
#2870=CARTESIAN_POINT('',(0.0085,0.01192,0.01025));
#2871=CARTESIAN_POINT('',(-0.04475,0.01492,-0.021614829342793));
#2872=CARTESIAN_POINT('',(-0.09419,0.01492,-0.053479658685586));
#2873=CARTESIAN_POINT('',(-0.09419,0.01492,0.01025));
#2874=CARTESIAN_POINT('',(0.00469,0.01492,0.01025));
#2875=CARTESIAN_POINT('',(0.00469,0.01492,-0.053479658685586));
#2876=CARTESIAN_POINT('',(-0.04475,0.01192,-0.021614829342793));
#2877=CARTESIAN_POINT('',(-0.09419,0.01192,-0.053479658685586));
#2878=CARTESIAN_POINT('',(0.00469,0.01192,-0.053479658685586));
#2879=CARTESIAN_POINT('',(0.00469,0.01192,0.01025));
#2880=CARTESIAN_POINT('',(-0.09419,0.01192,0.01025));
#2881=CARTESIAN_POINT('',(-0.09419,0.01492,-0.053479658685586));
#2882=CARTESIAN_POINT('',(-0.09419,0.01492,0.01025));
#2883=CARTESIAN_POINT('',(0.00469,0.01492,-0.053479658685586));
#2884=CARTESIAN_POINT('',(0.00469,0.01492,0.01025));
#2885=CARTESIAN_POINT('',(0.,0.,0.));
#2886=CARTESIAN_POINT('',(0.,-0.00108,-0.0045));
#2887=CARTESIAN_POINT('',(0.,-0.02108,-0.0045));
#2888=CARTESIAN_POINT('',(0.,-0.02108,0.));
#2889=CARTESIAN_POINT('',(1.7347234759768E-18,-0.02108,-0.009));
#2890=CARTESIAN_POINT('',(1.7347234759768E-18,-0.00108,-0.009));
#2891=CARTESIAN_POINT('',(1.7347234759768E-18,-0.00108,-0.009));
#2892=CARTESIAN_POINT('',(0.,-0.00108,-0.0045));
#2893=CARTESIAN_POINT('',(0.,-0.00108,0.));
#2894=CARTESIAN_POINT('',(0.,-0.00108,0.));
#2895=CARTESIAN_POINT('',(-0.0045,-0.00108,0.));
#2896=CARTESIAN_POINT('',(-0.0045,-0.02108,0.));
#2897=CARTESIAN_POINT('',(-0.009,-0.02108,-8.67361737988404E-19));
#2898=CARTESIAN_POINT('',(-0.0045,-0.00108,0.));
#2899=CARTESIAN_POINT('',(-0.009,-0.00108,-8.67361737988404E-19));
#2900=CARTESIAN_POINT('',(-0.009,-0.00108,-8.67361737988404E-19));
#2901=CARTESIAN_POINT('',(-0.009,-0.00108,-0.0045));
#2902=CARTESIAN_POINT('',(-0.009,-0.02108,-0.0045));
#2903=CARTESIAN_POINT('',(-0.009,-0.02108,-0.009));
#2904=CARTESIAN_POINT('',(-0.009,-0.00108,-0.0045));
#2905=CARTESIAN_POINT('',(-0.009,-0.00108,-0.009));
#2906=CARTESIAN_POINT('',(-0.009,-0.00108,-0.009));
#2907=CARTESIAN_POINT('',(-0.0045,-0.00108,-0.009));
#2908=CARTESIAN_POINT('',(-0.0045,-0.02108,-0.009));
#2909=CARTESIAN_POINT('',(-0.0045,-0.00108,-0.009));
#2910=CARTESIAN_POINT('',(-0.0045,-0.00108,-0.0045));
#2911=CARTESIAN_POINT('',(-0.0045,-0.00108,-0.0045));
#2912=CARTESIAN_POINT('',(-0.0045,-0.00108,-0.0061));
#2913=CARTESIAN_POINT('',(-0.0045,-0.02108,-0.0045));
#2914=CARTESIAN_POINT('',(-0.0045,-0.02108,-0.0061));
#2915=CARTESIAN_POINT('',(-0.04475,-0.00108,-0.021614829342793));
#2916=CARTESIAN_POINT('',(-0.04475,-0.02108,-0.021614829342793));
#2917=CARTESIAN_POINT('',(0.,0.,0.));
#2918=CARTESIAN_POINT('',(-0.04475,-0.02408,-0.049289658685586));
#2919=CARTESIAN_POINT('',(0.0005,-0.02408,-0.049289658685586));
#2920=CARTESIAN_POINT('',(0.0005,-0.02408,-0.049289658685586));
#2921=CARTESIAN_POINT('',(0.0005,0.01192,-0.049289658685586));
#2922=CARTESIAN_POINT('',(-0.04475,0.01192,-0.049289658685586));
#2923=CARTESIAN_POINT('',(-0.09,0.01192,-0.049289658685586));
#2924=CARTESIAN_POINT('',(-0.09,-0.02408,-0.049289658685586));
#2925=CARTESIAN_POINT('',(-0.09,-0.02408,-0.049289658685586));
#2926=CARTESIAN_POINT('',(-0.04475,-0.02408,-0.049289658685586));
#2927=CARTESIAN_POINT('',(-0.0500691458582878,0.000777075765654445,-0.049289658685586));
#2928=CARTESIAN_POINT('',(-0.0500691458582878,0.00601325137540698,-0.049289658685586));
#2929=CARTESIAN_POINT('',(-0.0500691458582878,-0.00445909984409809,-0.049289658685586));
#2930=CARTESIAN_POINT('',(-0.0422683134675026,0.00601325137540698,-0.049289658685586));
#2931=CARTESIAN_POINT('',(-0.0344674810767174,0.00601325137540698,-0.049289658685586));
#2932=CARTESIAN_POINT('',(-0.0344674810767174,0.000777075765654445,-0.049289658685586));
#2933=CARTESIAN_POINT('',(-0.0344674810767174,-0.00445909984409809,-0.049289658685586));
#2934=CARTESIAN_POINT('',(-0.0422683134675026,-0.00445909984409809,-0.049289658685586));
#2935=CARTESIAN_POINT('',(-0.04475,-0.02408,-0.057289658685586));
#2936=CARTESIAN_POINT('',(-0.04475,-0.02408,-0.057289658685586));
#2937=CARTESIAN_POINT('',(-0.09419,-0.02408,-0.057289658685586));
#2938=CARTESIAN_POINT('',(0.00469,-0.02408,-0.057289658685586));
#2939=CARTESIAN_POINT('',(-0.09419,0.01192,-0.057289658685586));
#2940=CARTESIAN_POINT('',(-0.09419,0.01192,-0.057289658685586));
#2941=CARTESIAN_POINT('',(-0.04475,0.01192,-0.057289658685586));
#2942=CARTESIAN_POINT('',(0.00469,0.01192,-0.057289658685586));
#2943=CARTESIAN_POINT('',(0.00469,-0.02408,-0.057289658685586));
#2944=CARTESIAN_POINT('',(-0.0422683134675026,0.00601325137540698,-0.057289658685586));
#2945=CARTESIAN_POINT('',(-0.0344674810767174,0.00601325137540698,-0.057289658685586));
#2946=CARTESIAN_POINT('',(-0.0500691458582878,0.00601325137540698,-0.057289658685586));
#2947=CARTESIAN_POINT('',(-0.0500691458582878,0.000777075765654445,-0.057289658685586));
#2948=CARTESIAN_POINT('',(-0.0500691458582878,-0.00445909984409809,-0.057289658685586));
#2949=CARTESIAN_POINT('',(-0.0422683134675026,-0.00445909984409809,-0.057289658685586));
#2950=CARTESIAN_POINT('',(-0.0344674810767174,-0.00445909984409809,-0.057289658685586));
#2951=CARTESIAN_POINT('',(-0.0344674810767174,0.000777075765654445,-0.057289658685586));
#2952=CARTESIAN_POINT('',(0.0085,-0.02408,-0.021614829342793));
#2953=CARTESIAN_POINT('',(0.0085,0.0046458740055561,-0.0382714393685656));
#2954=CARTESIAN_POINT('',(0.0085,0.0046458740055561,-0.0367714393685656));
#2955=CARTESIAN_POINT('',(0.0085,0.0046458740055561,-0.0397714393685656));
#2956=CARTESIAN_POINT('',(0.0085,-0.0063541259944439,-0.0397714393685656));
#2957=CARTESIAN_POINT('',(0.0085,-0.0173541259944439,-0.0397714393685656));
#2958=CARTESIAN_POINT('',(0.0085,-0.0173541259944439,-0.0382714393685656));
#2959=CARTESIAN_POINT('',(0.0085,-0.0173541259944439,-0.0367714393685656));
#2960=CARTESIAN_POINT('',(0.0085,-0.0063541259944439,-0.0367714393685656));
#2961=CARTESIAN_POINT('',(0.0085,-0.02408,-0.021614829342793));
#2962=CARTESIAN_POINT('',(0.0085,-0.02408,-0.053479658685586));
#2963=CARTESIAN_POINT('',(0.0085,-0.02408,0.01025));
#2964=CARTESIAN_POINT('',(0.0085,-0.02408,-0.053479658685586));
#2965=CARTESIAN_POINT('',(0.0085,0.01192,-0.053479658685586));
#2966=CARTESIAN_POINT('',(0.0085,0.01192,-0.021614829342793));
#2967=CARTESIAN_POINT('',(0.0085,0.01192,0.01025));
#2968=CARTESIAN_POINT('',(0.0085,-0.02408,0.01025));
#2969=CARTESIAN_POINT('',(0.0085,0.00464587400555611,-0.0452714393685656));
#2970=CARTESIAN_POINT('',(0.0085,0.00464587400555611,-0.0437714393685656));
#2971=CARTESIAN_POINT('',(0.0085,0.00464587400555611,-0.0467714393685656));
#2972=CARTESIAN_POINT('',(0.0085,-0.00635412599444389,-0.0467714393685656));
#2973=CARTESIAN_POINT('',(0.0085,-0.0173541259944439,-0.0467714393685656));
#2974=CARTESIAN_POINT('',(0.0085,-0.0173541259944439,-0.0452714393685656));
#2975=CARTESIAN_POINT('',(0.0085,-0.0173541259944439,-0.0437714393685656));
#2976=CARTESIAN_POINT('',(0.0085,-0.00635412599444389,-0.0437714393685656));
#2977=CARTESIAN_POINT('',(0.0085,0.0046458740055561,-0.0312714393685656));
#2978=CARTESIAN_POINT('',(0.0085,0.0046458740055561,-0.0297714393685656));
#2979=CARTESIAN_POINT('',(0.0085,0.0046458740055561,-0.0327714393685656));
#2980=CARTESIAN_POINT('',(0.0085,-0.0063541259944439,-0.0327714393685656));
#2981=CARTESIAN_POINT('',(0.0085,-0.0173541259944439,-0.0327714393685656));
#2982=CARTESIAN_POINT('',(0.0085,-0.0173541259944439,-0.0312714393685656));
#2983=CARTESIAN_POINT('',(0.0085,-0.0173541259944439,-0.0297714393685656));
#2984=CARTESIAN_POINT('',(0.0085,-0.0063541259944439,-0.0297714393685656));
#2985=CARTESIAN_POINT('',(0.0005,-0.02408,-0.019114829342793));
#2986=CARTESIAN_POINT('',(0.0005,-0.02108,-0.019114829342793));
#2987=CARTESIAN_POINT('',(0.0005,-0.02108,0.0005));
#2988=CARTESIAN_POINT('',(0.0005,-0.02108,0.01106));
#2989=CARTESIAN_POINT('',(0.0005,0.01192,0.0005));
#2990=CARTESIAN_POINT('',(0.0005,0.01192,0.0005));
#2991=CARTESIAN_POINT('',(0.0005,0.01192,-0.019114829342793));
#2992=CARTESIAN_POINT('',(0.0005,-0.02408,-0.019114829342793));
#2993=CARTESIAN_POINT('',(0.0005,-0.02408,0.01106));
#2994=CARTESIAN_POINT('',(0.0005,-0.02408,0.01106));
#2995=CARTESIAN_POINT('',(0.000500000000000009,-0.00635412599444389,-0.0467714393685656));
#2996=CARTESIAN_POINT('',(0.0005,0.0046458740055561,-0.0467714393685656));
#2997=CARTESIAN_POINT('',(0.000500000000000009,-0.0173541259944439,-0.0467714393685656));
#2998=CARTESIAN_POINT('',(0.000500000000000009,0.00464587400555611,-0.0452714393685656));
#2999=CARTESIAN_POINT('',(0.000500000000000007,0.00464587400555611,-0.0437714393685656));
#3000=CARTESIAN_POINT('',(0.000500000000000007,-0.00635412599444389,-0.0437714393685656));
#3001=CARTESIAN_POINT('',(0.000500000000000007,-0.0173541259944439,-0.0437714393685656));
#3002=CARTESIAN_POINT('',(0.000500000000000009,-0.0173541259944439,-0.0452714393685656));
#3003=CARTESIAN_POINT('',(0.000500000000000007,-0.0063541259944439,-0.0397714393685656));
#3004=CARTESIAN_POINT('',(0.0005,0.0046458740055561,-0.0397714393685656));
#3005=CARTESIAN_POINT('',(0.000500000000000007,-0.0173541259944439,-0.0397714393685656));
#3006=CARTESIAN_POINT('',(0.000500000000000007,0.0046458740055561,-0.0382714393685656));
#3007=CARTESIAN_POINT('',(0.000500000000000007,0.0046458740055561,-0.0367714393685656));
#3008=CARTESIAN_POINT('',(0.000500000000000007,-0.0063541259944439,-0.0367714393685656));
#3009=CARTESIAN_POINT('',(0.000500000000000007,-0.0173541259944439,-0.0367714393685656));
#3010=CARTESIAN_POINT('',(0.000500000000000007,-0.0173541259944439,-0.0382714393685656));
#3011=CARTESIAN_POINT('',(0.000500000000000006,-0.0063541259944439,-0.0327714393685656));
#3012=CARTESIAN_POINT('',(0.0005,0.0046458740055561,-0.0327714393685656));
#3013=CARTESIAN_POINT('',(0.000500000000000006,-0.0173541259944439,-0.0327714393685656));
#3014=CARTESIAN_POINT('',(0.000500000000000006,0.0046458740055561,-0.0312714393685656));
#3015=CARTESIAN_POINT('',(0.000500000000000006,0.0046458740055561,-0.0297714393685656));
#3016=CARTESIAN_POINT('',(0.000500000000000006,-0.0063541259944439,-0.0297714393685656));
#3017=CARTESIAN_POINT('',(0.000500000000000006,-0.0173541259944439,-0.0297714393685656));
#3018=CARTESIAN_POINT('',(0.000500000000000006,-0.0173541259944439,-0.0312714393685656));
#3019=CARTESIAN_POINT('',(-0.04475,-0.02408,0.01106));
#3020=CARTESIAN_POINT('',(-0.007675,0.01192,0.01106));
#3021=CARTESIAN_POINT('',(-0.007675,0.01192,0.01106));
#3022=CARTESIAN_POINT('',(-0.007675,-0.02108,0.01106));
#3023=CARTESIAN_POINT('',(-0.04475,-0.02108,0.01106));
#3024=CARTESIAN_POINT('',(-0.04475,-0.02408,0.01106));
#3025=CARTESIAN_POINT('',(-0.09,-0.02408,0.01106));
#3026=CARTESIAN_POINT('',(-0.09,-0.02408,0.01106));
#3027=CARTESIAN_POINT('',(-0.09,-0.02108,0.01106));
#3028=CARTESIAN_POINT('',(-0.04475,-0.02108,0.01106));
#3029=CARTESIAN_POINT('',(-0.081825,-0.02108,0.01106));
#3030=CARTESIAN_POINT('',(-0.081825,0.01192,0.01106));
#3031=CARTESIAN_POINT('',(-0.081825,0.01192,0.01106));
#3032=CARTESIAN_POINT('',(-0.04475,0.01192,0.01106));
#3033=CARTESIAN_POINT('',(-0.04475,0.00332,0.01106));
#3034=CARTESIAN_POINT('',(-0.076,0.00332,0.01106));
#3035=CARTESIAN_POINT('',(-0.0135,0.00332,0.01106));
#3036=CARTESIAN_POINT('',(-0.076,-0.02408,0.01106));
#3037=CARTESIAN_POINT('',(-0.076,-0.01458,0.01106));
#3038=CARTESIAN_POINT('',(-0.04475,-0.01458,0.01106));
#3039=CARTESIAN_POINT('',(-0.0135,-0.01458,0.01106));
#3040=CARTESIAN_POINT('',(-0.0135,-0.02408,0.01106));
#3041=CARTESIAN_POINT('',(-0.04475,-0.02408,0.01406));
#3042=CARTESIAN_POINT('',(-0.04475,0.01192,0.01406));
#3043=CARTESIAN_POINT('',(-0.09419,0.01192,0.01406));
#3044=CARTESIAN_POINT('',(0.00469,0.01192,0.01406));
#3045=CARTESIAN_POINT('',(-0.09419,-0.02408,0.01406));
#3046=CARTESIAN_POINT('',(-0.09419,-0.02408,0.01406));
#3047=CARTESIAN_POINT('',(-0.04475,-0.02408,0.01406));
#3048=CARTESIAN_POINT('',(0.00469,-0.02408,0.01406));
#3049=CARTESIAN_POINT('',(0.00469,0.01192,0.01406));
#3050=CARTESIAN_POINT('',(-0.076,-0.00563,0.01406));
#3051=CARTESIAN_POINT('',(-0.076,0.00332,0.01406));
#3052=CARTESIAN_POINT('',(-0.076,-0.01458,0.01406));
#3053=CARTESIAN_POINT('',(-0.04475,0.00332,0.01406));
#3054=CARTESIAN_POINT('',(-0.0135,0.00332,0.01406));
#3055=CARTESIAN_POINT('',(-0.0135,-0.00563,0.01406));
#3056=CARTESIAN_POINT('',(-0.0135,-0.01458,0.01406));
#3057=CARTESIAN_POINT('',(-0.04475,-0.01458,0.01406));
#3058=CARTESIAN_POINT('',(-0.046635,0.01192,0.0065));
#3059=CARTESIAN_POINT('',(-0.046635,-0.02108,0.0065));
#3060=CARTESIAN_POINT('',(-0.011445,-0.02108,0.0065));
#3061=CARTESIAN_POINT('',(-0.081825,-0.02108,0.0065));
#3062=CARTESIAN_POINT('',(-0.011445,0.01192,0.0065));
#3063=CARTESIAN_POINT('',(-0.011445,0.01192,0.0065));
#3064=CARTESIAN_POINT('',(-0.046635,0.01192,0.0065));
#3065=CARTESIAN_POINT('',(-0.081825,0.01192,0.0065));
#3066=CARTESIAN_POINT('',(-0.081825,0.01192,0.0065));
#3067=CARTESIAN_POINT('',(-0.076,0.01192,0.0065));
#3068=CARTESIAN_POINT('',(-0.076,0.00332,0.0065));
#3069=CARTESIAN_POINT('',(-0.076,-0.01458,0.0065));
#3070=CARTESIAN_POINT('',(-0.046635,0.00332,0.0065));
#3071=CARTESIAN_POINT('',(-0.0135,0.00332,0.0065));
#3072=CARTESIAN_POINT('',(-0.0135,0.01192,0.0065));
#3073=CARTESIAN_POINT('',(-0.0135,-0.01458,0.0065));
#3074=CARTESIAN_POINT('',(-0.046635,-0.01458,0.0065));
#3075=CARTESIAN_POINT('',(-0.09,-0.02408,-0.019114829342793));
#3076=CARTESIAN_POINT('',(-0.09,0.01192,0.0005));
#3077=CARTESIAN_POINT('',(-0.09,0.01192,0.0005));
#3078=CARTESIAN_POINT('',(-0.09,-0.02108,0.0005));
#3079=CARTESIAN_POINT('',(-0.09,-0.02108,-0.019114829342793));
#3080=CARTESIAN_POINT('',(-0.09,-0.02408,-0.019114829342793));
#3081=CARTESIAN_POINT('',(-0.09,0.01192,-0.019114829342793));
#3082=CARTESIAN_POINT('',(-0.098,-0.02408,-0.021614829342793));
#3083=CARTESIAN_POINT('',(-0.098,0.01192,-0.021614829342793));
#3084=CARTESIAN_POINT('',(-0.098,0.01192,-0.053479658685586));
#3085=CARTESIAN_POINT('',(-0.098,0.01192,0.01025));
#3086=CARTESIAN_POINT('',(-0.098,-0.02408,-0.053479658685586));
#3087=CARTESIAN_POINT('',(-0.098,-0.02408,-0.053479658685586));
#3088=CARTESIAN_POINT('',(-0.098,-0.02408,-0.021614829342793));
#3089=CARTESIAN_POINT('',(-0.098,-0.02408,0.01025));
#3090=CARTESIAN_POINT('',(-0.098,-0.02408,0.01025));
#3091=CARTESIAN_POINT('',(-0.04475,-0.02408,-0.021614829342793));
#3092=CARTESIAN_POINT('',(-0.09419,-0.02408,-0.053479658685586));
#3093=CARTESIAN_POINT('',(0.00469,-0.02408,-0.053479658685586));
#3094=CARTESIAN_POINT('',(0.00469,-0.02408,0.01025));
#3095=CARTESIAN_POINT('',(-0.09419,-0.02408,0.01025));
#3096=CARTESIAN_POINT('',(-0.04475,0.01192,-0.021614829342793));
#3097=CARTESIAN_POINT('',(-0.094,0.01192,0.00728));
#3098=CARTESIAN_POINT('',(-0.094,0.01192,0.00958));
#3099=CARTESIAN_POINT('',(0.0045,0.01192,-0.053289658685586));
#3100=CARTESIAN_POINT('',(0.0045,0.01192,-0.050989658685586));
#3101=CARTESIAN_POINT('',(-0.094,0.01192,-0.053289658685586));
#3102=CARTESIAN_POINT('',(-0.094,0.01192,-0.050989658685586));
#3103=CARTESIAN_POINT('',(0.0045,0.01192,0.00728));
#3104=CARTESIAN_POINT('',(0.0045,0.01192,0.00958));
#3105=CARTESIAN_POINT('',(-0.09419,0.01192,-0.053479658685586));
#3106=CARTESIAN_POINT('',(-0.09419,0.01192,0.01025));
#3107=CARTESIAN_POINT('',(0.00469,0.01192,0.01025));
#3108=CARTESIAN_POINT('',(0.00469,0.01192,-0.053479658685586));
#3109=CARTESIAN_POINT('',(-0.0035875,0.01192,0.0005));
#3110=CARTESIAN_POINT('',(-0.007675,0.01192,0.0005));
#3111=CARTESIAN_POINT('',(-0.007675,0.01192,0.00578));
#3112=CARTESIAN_POINT('',(-0.081825,0.01192,0.00878));
#3113=CARTESIAN_POINT('',(-0.011445,0.01192,0.0035));
#3114=CARTESIAN_POINT('',(-0.011445,0.01192,0.0005));
#3115=CARTESIAN_POINT('',(-0.046635,0.01192,0.0005));
#3116=CARTESIAN_POINT('',(-0.0035875,0.01192,0.0005));
#3117=CARTESIAN_POINT('',(-0.0035875,-0.02108,0.0005));
#3118=CARTESIAN_POINT('',(-0.007675,-0.02108,0.0005));
#3119=CARTESIAN_POINT('',(-0.007675,0.01192,0.0005));
#3120=CARTESIAN_POINT('',(-0.007675,0.01192,0.00578));
#3121=CARTESIAN_POINT('',(-0.007675,-0.02108,0.00578));
#3122=CARTESIAN_POINT('',(-0.04475,-0.02108,-0.021614829342793));
#3123=CARTESIAN_POINT('',(-0.011445,0.01192,0.0035));
#3124=CARTESIAN_POINT('',(-0.011445,-0.02108,0.0035));
#3125=CARTESIAN_POINT('',(-0.011445,-0.02108,0.0005));
#3126=CARTESIAN_POINT('',(-0.011445,0.01192,0.0005));
#3127=CARTESIAN_POINT('',(-0.081825,0.01192,0.00878));
#3128=CARTESIAN_POINT('',(-0.081825,-0.02108,0.00878));
#3129=CARTESIAN_POINT('',(-0.046635,0.01192,0.0005));
#3130=CARTESIAN_POINT('',(-0.046635,-0.02108,0.0005));
#3131=CARTESIAN_POINT('',(-0.04475,-0.02108,-0.021614829342793));
#3132=CARTESIAN_POINT('',(0.0045,0.00772,0.00728));
#3133=CARTESIAN_POINT('',(0.0045,0.00772,0.00728));
#3134=CARTESIAN_POINT('',(0.0045,0.00772,0.00958));
#3135=CARTESIAN_POINT('',(-0.04475,0.00772,-0.021614829342793));
#3136=CARTESIAN_POINT('',(-0.094,0.00772,-0.053289658685586));
#3137=CARTESIAN_POINT('',(-0.094,0.00772,-0.053289658685586));
#3138=CARTESIAN_POINT('',(-0.094,0.00772,-0.050989658685586));
#3139=CARTESIAN_POINT('',(-0.04475,0.00772,-0.021614829342793));
#3140=CARTESIAN_POINT('',(0.0045,0.00772,-0.053289658685586));
#3141=CARTESIAN_POINT('',(0.0045,0.00772,-0.053289658685586));
#3142=CARTESIAN_POINT('',(0.0045,0.00772,-0.050989658685586));
#3143=CARTESIAN_POINT('',(-0.04475,0.00772,-0.021614829342793));
#3144=CARTESIAN_POINT('',(-0.094,0.00772,0.00728));
#3145=CARTESIAN_POINT('',(-0.094,0.00772,0.00728));
#3146=CARTESIAN_POINT('',(-0.094,0.00772,0.00958));
#3147=CARTESIAN_POINT('',(-0.04475,0.00772,-0.021614829342793));
#3148=CARTESIAN_POINT('',(-0.04475,-0.00608,0.00606));
#3149=CARTESIAN_POINT('',(-0.04475,0.00332,0.00606));
#3150=CARTESIAN_POINT('',(-0.076,0.00332,0.00606));
#3151=CARTESIAN_POINT('',(-0.0135,0.00332,0.00606));
#3152=CARTESIAN_POINT('',(-0.076,-0.00563,0.00606));
#3153=CARTESIAN_POINT('',(-0.076,-0.01458,0.00606));
#3154=CARTESIAN_POINT('',(-0.04475,-0.01458,0.00606));
#3155=CARTESIAN_POINT('',(-0.0135,-0.01458,0.00606));
#3156=CARTESIAN_POINT('',(-0.0135,-0.00563,0.00606));
#3157=CARTESIAN_POINT('',(-0.0135,-0.00563,0.00606));
#3158=CARTESIAN_POINT('',(-0.0135,0.00332,0.00606));
#3159=CARTESIAN_POINT('',(-0.0135,-0.01458,0.00606));
#3160=CARTESIAN_POINT('',(-0.04475,-0.01458,0.00606));
#3161=CARTESIAN_POINT('',(-0.076,-0.01458,0.00606));
#3162=CARTESIAN_POINT('',(-0.076,-0.00563,0.00606));
#3163=CARTESIAN_POINT('',(-0.076,0.00332,0.00606));
#3164=CARTESIAN_POINT('',(-0.04475,0.00332,0.00606));
#3165=CARTESIAN_POINT('',(-0.04475,0.00332,0.00606));
#3166=CARTESIAN_POINT('',(-0.0135,0.00332,0.00606));
#3167=CARTESIAN_POINT('',(-0.076,0.00332,0.00606));
#3168=CARTESIAN_POINT('',(-0.076,-0.00563,0.00606));
#3169=CARTESIAN_POINT('',(-0.076,-0.01458,0.00606));
#3170=CARTESIAN_POINT('',(-0.04475,-0.01458,0.00606));
#3171=CARTESIAN_POINT('',(-0.0135,-0.01458,0.00606));
#3172=CARTESIAN_POINT('',(-0.0135,-0.00563,0.00606));
#3173=CARTESIAN_POINT('',(0.000500000000000009,0.00464587400555611,-0.0452714393685656));
#3174=CARTESIAN_POINT('',(0.000500000000000007,0.00464587400555611,-0.0437714393685656));
#3175=CARTESIAN_POINT('',(0.000500000000000009,0.00464587400555611,-0.0467714393685656));
#3176=CARTESIAN_POINT('',(0.000500000000000007,-0.00635412599444389,-0.0437714393685656));
#3177=CARTESIAN_POINT('',(0.000500000000000007,-0.0173541259944439,-0.0437714393685656));
#3178=CARTESIAN_POINT('',(0.000500000000000009,-0.0173541259944439,-0.0452714393685656));
#3179=CARTESIAN_POINT('',(0.000500000000000009,-0.0173541259944439,-0.0467714393685656));
#3180=CARTESIAN_POINT('',(0.000500000000000009,-0.00635412599444389,-0.0467714393685656));
#3181=CARTESIAN_POINT('',(0.000500000000000007,0.0046458740055561,-0.0382714393685656));
#3182=CARTESIAN_POINT('',(0.000500000000000007,0.0046458740055561,-0.0367714393685656));
#3183=CARTESIAN_POINT('',(0.000500000000000007,0.0046458740055561,-0.0397714393685656));
#3184=CARTESIAN_POINT('',(0.000500000000000007,-0.0063541259944439,-0.0367714393685656));
#3185=CARTESIAN_POINT('',(0.000500000000000007,-0.0173541259944439,-0.0367714393685656));
#3186=CARTESIAN_POINT('',(0.000500000000000007,-0.0173541259944439,-0.0382714393685656));
#3187=CARTESIAN_POINT('',(0.000500000000000007,-0.0173541259944439,-0.0397714393685656));
#3188=CARTESIAN_POINT('',(0.000500000000000007,-0.0063541259944439,-0.0397714393685656));
#3189=CARTESIAN_POINT('',(0.000500000000000006,0.0046458740055561,-0.0312714393685656));
#3190=CARTESIAN_POINT('',(0.000500000000000006,0.0046458740055561,-0.0297714393685656));
#3191=CARTESIAN_POINT('',(0.000500000000000006,0.0046458740055561,-0.0327714393685656));
#3192=CARTESIAN_POINT('',(0.000500000000000006,-0.0063541259944439,-0.0297714393685656));
#3193=CARTESIAN_POINT('',(0.000500000000000006,-0.0173541259944439,-0.0297714393685656));
#3194=CARTESIAN_POINT('',(0.000500000000000006,-0.0173541259944439,-0.0312714393685656));
#3195=CARTESIAN_POINT('',(0.000500000000000006,-0.0173541259944439,-0.0327714393685656));
#3196=CARTESIAN_POINT('',(0.000500000000000006,-0.0063541259944439,-0.0327714393685656));
#3197=CARTESIAN_POINT('',(-0.0422683134675026,0.00601325137540698,-0.049289658685586));
#3198=CARTESIAN_POINT('',(-0.0344674810767174,0.00601325137540698,-0.049289658685586));
#3199=CARTESIAN_POINT('',(-0.0500691458582878,0.00601325137540698,-0.049289658685586));
#3200=CARTESIAN_POINT('',(-0.0344674810767174,0.000777075765654445,-0.049289658685586));
#3201=CARTESIAN_POINT('',(-0.0344674810767174,-0.00445909984409809,-0.049289658685586));
#3202=CARTESIAN_POINT('',(-0.0422683134675026,-0.00445909984409809,-0.049289658685586));
#3203=CARTESIAN_POINT('',(-0.0500691458582878,-0.00445909984409809,-0.049289658685586));
#3204=CARTESIAN_POINT('',(-0.0500691458582878,0.000777075765654445,-0.049289658685586));
#3205=CARTESIAN_POINT('',(-0.09419,-0.02408,-0.053479658685586));
#3206=CARTESIAN_POINT('',(-0.09419,-0.02408,0.01025));
#3207=CARTESIAN_POINT('',(0.00469,-0.02408,-0.053479658685586));
#3208=CARTESIAN_POINT('',(0.00469,-0.02408,0.01025));
#3209=CARTESIAN_POINT('',(0.,0.,0.));
#3210=CARTESIAN_POINT('',(-0.08525,-0.00108,-0.0385));
#3211=CARTESIAN_POINT('',(-0.08525,-0.02108,-0.0385));
#3212=CARTESIAN_POINT('',(-0.09,-0.02108,-0.0385));
#3213=CARTESIAN_POINT('',(-0.0805,-0.02108,-0.0385));
#3214=CARTESIAN_POINT('',(-0.0805,-0.00108,-0.0385));
#3215=CARTESIAN_POINT('',(-0.0805,-0.00108,-0.0385));
#3216=CARTESIAN_POINT('',(-0.08525,-0.00108,-0.0385));
#3217=CARTESIAN_POINT('',(-0.09,-0.00108,-0.0385));
#3218=CARTESIAN_POINT('',(-0.09,-0.00108,-0.0385));
#3219=CARTESIAN_POINT('',(-0.09,-0.00108,-0.019114829342793));
#3220=CARTESIAN_POINT('',(-0.09,-0.02108,-0.019114829342793));
#3221=CARTESIAN_POINT('',(-0.09,-0.02108,-0.049289658685586));
#3222=CARTESIAN_POINT('',(-0.09,-0.00108,-0.019114829342793));
#3223=CARTESIAN_POINT('',(-0.09,-0.00108,-0.049289658685586));
#3224=CARTESIAN_POINT('',(-0.09,-0.00108,-0.049289658685586));
#3225=CARTESIAN_POINT('',(-0.04475,-0.00108,-0.049289658685586));
#3226=CARTESIAN_POINT('',(-0.04475,-0.02108,-0.049289658685586));
#3227=CARTESIAN_POINT('',(-0.0805,-0.02108,-0.049289658685586));
#3228=CARTESIAN_POINT('',(-0.04475,-0.00108,-0.049289658685586));
#3229=CARTESIAN_POINT('',(-0.0805,-0.00108,-0.049289658685586));
#3230=CARTESIAN_POINT('',(-0.0805,-0.00108,-0.049289658685586));
#3231=CARTESIAN_POINT('',(-0.0805,-0.00108,-0.043894829342793));
#3232=CARTESIAN_POINT('',(-0.0805,-0.02108,-0.043894829342793));
#3233=CARTESIAN_POINT('',(-0.0805,-0.00108,-0.043894829342793));
#3234=CARTESIAN_POINT('',(-0.085,-0.00108,-0.043));
#3235=CARTESIAN_POINT('',(-0.085,-0.00108,-0.043));
#3236=CARTESIAN_POINT('',(-0.085,-0.00108,-0.0453));
#3237=CARTESIAN_POINT('',(-0.085,-0.02108,-0.043));
#3238=CARTESIAN_POINT('',(-0.085,-0.02108,-0.0453));
#3239=CARTESIAN_POINT('',(-0.04475,-0.00108,-0.021614829342793));
#3240=CARTESIAN_POINT('',(-0.04475,-0.02108,-0.021614829342793));
#3241=MECHANICAL_DESIGN_GEOMETRIC_PRESENTATION_REPRESENTATION('',(#1949),
#3248);
#3242=MECHANICAL_DESIGN_GEOMETRIC_PRESENTATION_REPRESENTATION('',(#1950),
#3249);
#3243=MECHANICAL_DESIGN_GEOMETRIC_PRESENTATION_REPRESENTATION('',(#1951),
#3250);
#3244=MECHANICAL_DESIGN_GEOMETRIC_PRESENTATION_REPRESENTATION('',(#1952),
#3251);
#3245=MECHANICAL_DESIGN_GEOMETRIC_PRESENTATION_REPRESENTATION('',(#1953),
#3252);
#3246=MECHANICAL_DESIGN_GEOMETRIC_PRESENTATION_REPRESENTATION('',(#1954),
#3253);
#3247=MECHANICAL_DESIGN_GEOMETRIC_PRESENTATION_REPRESENTATION('',(#1955),
#3254);
#3248=(
GEOMETRIC_REPRESENTATION_CONTEXT(3)
GLOBAL_UNCERTAINTY_ASSIGNED_CONTEXT((#3255))
GLOBAL_UNIT_ASSIGNED_CONTEXT((#3276,#3269,#3262))
REPRESENTATION_CONTEXT('Part 6','TOP_LEVEL_ASSEMBLY_PART')
);
#3249=(
GEOMETRIC_REPRESENTATION_CONTEXT(3)
GLOBAL_UNCERTAINTY_ASSIGNED_CONTEXT((#3256))
GLOBAL_UNIT_ASSIGNED_CONTEXT((#3277,#3270,#3263))
REPRESENTATION_CONTEXT('Part 3','TOP_LEVEL_ASSEMBLY_PART')
);
#3250=(
GEOMETRIC_REPRESENTATION_CONTEXT(3)
GLOBAL_UNCERTAINTY_ASSIGNED_CONTEXT((#3257))
GLOBAL_UNIT_ASSIGNED_CONTEXT((#3278,#3271,#3264))
REPRESENTATION_CONTEXT('Part 1','TOP_LEVEL_ASSEMBLY_PART')
);
#3251=(
GEOMETRIC_REPRESENTATION_CONTEXT(3)
GLOBAL_UNCERTAINTY_ASSIGNED_CONTEXT((#3258))
GLOBAL_UNIT_ASSIGNED_CONTEXT((#3279,#3272,#3265))
REPRESENTATION_CONTEXT('Part 7','TOP_LEVEL_ASSEMBLY_PART')
);
#3252=(
GEOMETRIC_REPRESENTATION_CONTEXT(3)
GLOBAL_UNCERTAINTY_ASSIGNED_CONTEXT((#3259))
GLOBAL_UNIT_ASSIGNED_CONTEXT((#3280,#3273,#3266))
REPRESENTATION_CONTEXT('Part 4','TOP_LEVEL_ASSEMBLY_PART')
);
#3253=(
GEOMETRIC_REPRESENTATION_CONTEXT(3)
GLOBAL_UNCERTAINTY_ASSIGNED_CONTEXT((#3260))
GLOBAL_UNIT_ASSIGNED_CONTEXT((#3281,#3274,#3267))
REPRESENTATION_CONTEXT('Part 2','TOP_LEVEL_ASSEMBLY_PART')
);
#3254=(
GEOMETRIC_REPRESENTATION_CONTEXT(3)
GLOBAL_UNCERTAINTY_ASSIGNED_CONTEXT((#3261))
GLOBAL_UNIT_ASSIGNED_CONTEXT((#3282,#3275,#3268))
REPRESENTATION_CONTEXT('Part 5','TOP_LEVEL_ASSEMBLY_PART')
);
#3255=UNCERTAINTY_MEASURE_WITH_UNIT(LENGTH_MEASURE(1.E-8),#3276,
'DISTANCE_ACCURACY_VALUE','Maximum Tolerance applied to model');
#3256=UNCERTAINTY_MEASURE_WITH_UNIT(LENGTH_MEASURE(1.E-8),#3277,
'DISTANCE_ACCURACY_VALUE','Maximum Tolerance applied to model');
#3257=UNCERTAINTY_MEASURE_WITH_UNIT(LENGTH_MEASURE(1.E-8),#3278,
'DISTANCE_ACCURACY_VALUE','Maximum Tolerance applied to model');
#3258=UNCERTAINTY_MEASURE_WITH_UNIT(LENGTH_MEASURE(1.E-8),#3279,
'DISTANCE_ACCURACY_VALUE','Maximum Tolerance applied to model');
#3259=UNCERTAINTY_MEASURE_WITH_UNIT(LENGTH_MEASURE(1.E-8),#3280,
'DISTANCE_ACCURACY_VALUE','Maximum Tolerance applied to model');
#3260=UNCERTAINTY_MEASURE_WITH_UNIT(LENGTH_MEASURE(1.E-8),#3281,
'DISTANCE_ACCURACY_VALUE','Maximum Tolerance applied to model');
#3261=UNCERTAINTY_MEASURE_WITH_UNIT(LENGTH_MEASURE(1.E-8),#3282,
'DISTANCE_ACCURACY_VALUE','Maximum Tolerance applied to model');
#3262=(
NAMED_UNIT(*)
SI_UNIT($,.STERADIAN.)
SOLID_ANGLE_UNIT()
);
#3263=(
NAMED_UNIT(*)
SI_UNIT($,.STERADIAN.)
SOLID_ANGLE_UNIT()
);
#3264=(
NAMED_UNIT(*)
SI_UNIT($,.STERADIAN.)
SOLID_ANGLE_UNIT()
);
#3265=(
NAMED_UNIT(*)
SI_UNIT($,.STERADIAN.)
SOLID_ANGLE_UNIT()
);
#3266=(
NAMED_UNIT(*)
SI_UNIT($,.STERADIAN.)
SOLID_ANGLE_UNIT()
);
#3267=(
NAMED_UNIT(*)
SI_UNIT($,.STERADIAN.)
SOLID_ANGLE_UNIT()
);
#3268=(
NAMED_UNIT(*)
SI_UNIT($,.STERADIAN.)
SOLID_ANGLE_UNIT()
);
#3269=(
NAMED_UNIT(*)
PLANE_ANGLE_UNIT()
SI_UNIT($,.RADIAN.)
);
#3270=(
NAMED_UNIT(*)
PLANE_ANGLE_UNIT()
SI_UNIT($,.RADIAN.)
);
#3271=(
NAMED_UNIT(*)
PLANE_ANGLE_UNIT()
SI_UNIT($,.RADIAN.)
);
#3272=(
NAMED_UNIT(*)
PLANE_ANGLE_UNIT()
SI_UNIT($,.RADIAN.)
);
#3273=(
NAMED_UNIT(*)
PLANE_ANGLE_UNIT()
SI_UNIT($,.RADIAN.)
);
#3274=(
NAMED_UNIT(*)
PLANE_ANGLE_UNIT()
SI_UNIT($,.RADIAN.)
);
#3275=(
NAMED_UNIT(*)
PLANE_ANGLE_UNIT()
SI_UNIT($,.RADIAN.)
);
#3276=(
LENGTH_UNIT()
NAMED_UNIT(*)
SI_UNIT($,.METRE.)
);
#3277=(
LENGTH_UNIT()
NAMED_UNIT(*)
SI_UNIT($,.METRE.)
);
#3278=(
LENGTH_UNIT()
NAMED_UNIT(*)
SI_UNIT($,.METRE.)
);
#3279=(
LENGTH_UNIT()
NAMED_UNIT(*)
SI_UNIT($,.METRE.)
);
#3280=(
LENGTH_UNIT()
NAMED_UNIT(*)
SI_UNIT($,.METRE.)
);
#3281=(
LENGTH_UNIT()
NAMED_UNIT(*)
SI_UNIT($,.METRE.)
);
#3282=(
LENGTH_UNIT()
NAMED_UNIT(*)
SI_UNIT($,.METRE.)
);
#3283=PRODUCT_DEFINITION_SHAPE('','',#3290);
#3284=PRODUCT_DEFINITION_SHAPE('','',#3291);
#3285=PRODUCT_DEFINITION_SHAPE('','',#3292);
#3286=PRODUCT_DEFINITION_SHAPE('','',#3293);
#3287=PRODUCT_DEFINITION_SHAPE('','',#3294);
#3288=PRODUCT_DEFINITION_SHAPE('','',#3295);
#3289=PRODUCT_DEFINITION_SHAPE('','',#3296);
#3290=PRODUCT_DEFINITION('','',#3304,#3297);
#3291=PRODUCT_DEFINITION('','',#3305,#3298);
#3292=PRODUCT_DEFINITION('','',#3306,#3299);
#3293=PRODUCT_DEFINITION('','',#3307,#3300);
#3294=PRODUCT_DEFINITION('','',#3308,#3301);
#3295=PRODUCT_DEFINITION('','',#3309,#3302);
#3296=PRODUCT_DEFINITION('','',#3310,#3303);
#3297=PRODUCT_DEFINITION_CONTEXT('',#3346,'design');
#3298=PRODUCT_DEFINITION_CONTEXT('',#3347,'design');
#3299=PRODUCT_DEFINITION_CONTEXT('',#3348,'design');
#3300=PRODUCT_DEFINITION_CONTEXT('',#3349,'design');
#3301=PRODUCT_DEFINITION_CONTEXT('',#3350,'design');
#3302=PRODUCT_DEFINITION_CONTEXT('',#3351,'design');
#3303=PRODUCT_DEFINITION_CONTEXT('',#3352,'design');
#3304=PRODUCT_DEFINITION_FORMATION_WITH_SPECIFIED_SOURCE('','',#3318,
 .NOT_KNOWN.);
#3305=PRODUCT_DEFINITION_FORMATION_WITH_SPECIFIED_SOURCE('','',#3319,
 .NOT_KNOWN.);
#3306=PRODUCT_DEFINITION_FORMATION_WITH_SPECIFIED_SOURCE('','',#3320,
 .NOT_KNOWN.);
#3307=PRODUCT_DEFINITION_FORMATION_WITH_SPECIFIED_SOURCE('','',#3321,
 .NOT_KNOWN.);
#3308=PRODUCT_DEFINITION_FORMATION_WITH_SPECIFIED_SOURCE('','',#3322,
 .NOT_KNOWN.);
#3309=PRODUCT_DEFINITION_FORMATION_WITH_SPECIFIED_SOURCE('','',#3323,
 .NOT_KNOWN.);
#3310=PRODUCT_DEFINITION_FORMATION_WITH_SPECIFIED_SOURCE('','',#3324,
 .NOT_KNOWN.);
#3311=PRODUCT_RELATED_PRODUCT_CATEGORY('','',(#3318));
#3312=PRODUCT_RELATED_PRODUCT_CATEGORY('','',(#3319));
#3313=PRODUCT_RELATED_PRODUCT_CATEGORY('','',(#3320));
#3314=PRODUCT_RELATED_PRODUCT_CATEGORY('','',(#3321));
#3315=PRODUCT_RELATED_PRODUCT_CATEGORY('','',(#3322));
#3316=PRODUCT_RELATED_PRODUCT_CATEGORY('','',(#3323));
#3317=PRODUCT_RELATED_PRODUCT_CATEGORY('','',(#3324));
#3318=PRODUCT('Part 6','Part 6','Part 6',(#3332));
#3319=PRODUCT('Part 3','Part 3','Part 3',(#3333));
#3320=PRODUCT('Part 1','Part 1','Part 1',(#3334));
#3321=PRODUCT('Part 7','Part 7','Part 7',(#3335));
#3322=PRODUCT('Part 4','Part 4','Part 4',(#3336));
#3323=PRODUCT('Part 2','Part 2','Part 2',(#3337));
#3324=PRODUCT('Part 5','Part 5','Part 5',(#3338));
#3325=PRODUCT_CATEGORY('','');
#3326=PRODUCT_CATEGORY('','');
#3327=PRODUCT_CATEGORY('','');
#3328=PRODUCT_CATEGORY('','');
#3329=PRODUCT_CATEGORY('','');
#3330=PRODUCT_CATEGORY('','');
#3331=PRODUCT_CATEGORY('','');
#3332=PRODUCT_CONTEXT('',#3346,'mechanical');
#3333=PRODUCT_CONTEXT('',#3347,'mechanical');
#3334=PRODUCT_CONTEXT('',#3348,'mechanical');
#3335=PRODUCT_CONTEXT('',#3349,'mechanical');
#3336=PRODUCT_CONTEXT('',#3350,'mechanical');
#3337=PRODUCT_CONTEXT('',#3351,'mechanical');
#3338=PRODUCT_CONTEXT('',#3352,'mechanical');
#3339=APPLICATION_PROTOCOL_DEFINITION('international standard',
'ap242_managed_model_based_3d_engineering',2020,#3346);
#3340=APPLICATION_PROTOCOL_DEFINITION('international standard',
'ap242_managed_model_based_3d_engineering',2020,#3347);
#3341=APPLICATION_PROTOCOL_DEFINITION('international standard',
'ap242_managed_model_based_3d_engineering',2020,#3348);
#3342=APPLICATION_PROTOCOL_DEFINITION('international standard',
'ap242_managed_model_based_3d_engineering',2020,#3349);
#3343=APPLICATION_PROTOCOL_DEFINITION('international standard',
'ap242_managed_model_based_3d_engineering',2020,#3350);
#3344=APPLICATION_PROTOCOL_DEFINITION('international standard',
'ap242_managed_model_based_3d_engineering',2020,#3351);
#3345=APPLICATION_PROTOCOL_DEFINITION('international standard',
'ap242_managed_model_based_3d_engineering',2020,#3352);
#3346=APPLICATION_CONTEXT('managed model based 3d engineering');
#3347=APPLICATION_CONTEXT('managed model based 3d engineering');
#3348=APPLICATION_CONTEXT('managed model based 3d engineering');
#3349=APPLICATION_CONTEXT('managed model based 3d engineering');
#3350=APPLICATION_CONTEXT('managed model based 3d engineering');
#3351=APPLICATION_CONTEXT('managed model based 3d engineering');
#3352=APPLICATION_CONTEXT('managed model based 3d engineering');
ENDSEC;
END-ISO-10303-21;
